С	HOLD=0	1304	10	0	0.9742	0.8003	0.9737	5.9944	5.6381	5.6642	0.9737	0.403	0.591	0.005	0.000	0.5250467323466069	86
С	HOLD=0	1303	10	0	0.9506	0.6148	0.9506	6.4393	2.8261	2.9220	0.9506	1.000	0.000	0.000	0.000	0.6849004703873116	82
С	HOLD=0	1302	10	0	0.6179	0.5090	0.6179	5.5104	4.4901	4.5363	0.6179	0.000	1.000	0.000	0.000	0.31429935623072314	81
С	HOLD=0	1301	10	0	0.9616	0.8302	0.9616	12.3782	5.2812	5.5892	0.9616	0.860	0.000	0.140	0.000	0.6687012539573176	81
С	HOLD=0	1304	10	1	0.9413	0.7815	0.9413	6.8008	3.6558	3.6685	0.9413	1.000	0.000	0.000	0.000	0.5733046092920339	84
С	HOLD=0	1303	10	1	0.8843	0.5864	0.8588	5.4430	2.4947	2.6263	0.8588	0.253	0.124	0.261	0.362	0.3899808393457725	80
С	HOLD=0	1303	10	2	0.7828	0.5638	0.8289	3.8407	2.9125	2.9564	0.7718	0.235	0.413	0.080	0.272	0.4362047285002875	80
С	HOLD=0	1304	10	2	0.9655	0.7899	0.9655	6.5095	4.4571	4.5146	0.9655	1.000	0.000	0.000	0.000	0.6341754767051119	85
С	HOLD=0	1301	10	1	1.1381	0.8630	1.1381	13.2303	4.3903	4.4775	1.1381	0.000	1.000	0.000	0.000	0.6924576177334325	80
С	HOLD=0	1304	10	3	0.9585	0.7916	0.9585	6.8914	3.9175	3.9364	0.9585	1.000	0.000	0.000	0.000	1.1511220453387476	85
С	HOLD=0	1301	10	2	1.1253	0.8516	0.9843	12.9331	5.9142	5.9248	0.9843	0.003	0.060	0.937	0.000	0.5231511019234041	82
С	HOLD=0	1303	10	3	0.9738	0.6440	0.9738	4.5272	4.5147	4.5234	0.9738	1.000	0.000	0.000	0.000	0.5429578540981271	80
С	HOLD=0	1302	10	1	0.5924	0.4829	0.5431	5.4539	4.7974	4.8369	0.5541	0.006	0.278	0.499	0.216	0.4963223000575254	80
С	HOLD=0	1301	10	3	0.9535	0.8131	0.9536	13.4683	4.8899	4.9520	0.9536	0.902	0.001	0.097	0.001	0.49448258325167366	81
С	HOLD=0	1304	10	4	1.0093	0.7840	1.0093	7.5777	5.1769	5.2121	1.0093	1.000	0.000	0.000	0.000	0.9289725667321671	84
С	HOLD=0	1303	10	4	0.8412	0.6403	0.8412	5.3366	4.5451	4.5730	0.8412	1.000	0.000	0.000	0.000	0.5791844267834377	81
С	HOLD=0	1304	10	5	0.9882	0.8001	0.9884	7.6514	4.3459	4.3910	0.9884	1.000	0.000	0.000	0.000	0.5838789498422214	86
С	HOLD=0	1301	10	4	0.9856	0.8339	0.9856	13.5546	5.1452	5.2209	0.9856	1.000	0.000	0.000	0.000	1.0136784744808047	84
С	HOLD=0	1303	10	5	1.0231	0.7102	1.0231	4.7645	4.4153	4.4416	1.0231	1.000	0.000	0.000	0.000	0.5018454728418181	81
С	HOLD=0	1302	10	2	1.1947	0.7722	1.1947	5.9147	5.0948	5.1370	1.1947	0.954	0.000	0.000	0.046	0.3453549152099727	80
С	HOLD=0	1303	10	6	0.9641	0.7289	0.9641	5.3181	5.2923	5.3170	0.9641	0.732	0.000	0.267	0.000	0.7234316373805547	83
С	HOLD=0	1301	10	5	0.9389	0.8073	0.9381	13.5058	5.0744	5.3046	0.9381	0.178	0.126	0.683	0.012	0.508017231946615	84
С	HOLD=0	1304	10	6	0.9446	0.7780	0.9446	7.6927	4.3175	4.3471	0.9446	1.000	0.000	0.000	0.000	1.3912609480505624	85
С	HOLD=0	1303	10	7	0.8305	0.6440	0.8305	3.6641	3.2651	3.3500	0.8305	1.000	0.000	0.000	0.000	0.40509265901198405	82
С	HOLD=0	1301	10	6	0.9536	0.8133	0.9536	13.0022	6.0825	6.1339	0.9536	1.000	0.000	0.000	0.000	0.459970826406238	82
С	HOLD=0	1304	10	7	0.9750	0.7807	0.9750	7.7183	4.1747	4.2272	0.9750	0.999	0.000	0.000	0.000	0.6104855156020049	88
С	HOLD=0	1301	10	7	0.9441	0.8106	1.1375	11.4802	5.6183	5.6731	1.1375	1.000	0.000	0.000	0.000	0.449301008778497	81
С	HOLD=0	1302	10	3	0.6337	0.5711	0.6337	7.2851	4.1265	4.1787	0.6337	0.773	0.000	0.227	0.000	0.26013554659782506	80
С	HOLD=0	1304	10	8	0.9875	0.8105	0.9875	7.7020	4.1767	4.2183	0.9875	1.000	0.000	0.000	0.000	0.5132841253788407	84
С	HOLD=0	1302	10	4	0.6337	0.5377	0.6337	5.5392	5.1918	5.2677	0.6337	0.202	0.641	0.142	0.015	0.4086012825884796	83
С	HOLD=0	1303	10	8	0.8804	0.5927	0.8804	3.9231	3.3840	3.4922	0.8804	1.000	0.000	0.000	0.000	0.8283189040331183	79
С	HOLD=0	1304	10	9	0.9895	0.8006	0.9895	8.2006	4.4497	4.4915	0.9895	1.000	0.000	0.000	0.000	0.833944166244747	86
С	HOLD=0	1302	10	5	0.5983	0.4566	0.5983	6.1210	5.2099	5.2679	0.5983	1.000	0.000	0.000	0.000	0.9676202854867608	80
С	HOLD=0	1303	10	9	0.8121	0.6126	0.8121	4.4412	3.3241	3.4935	0.8121	1.000	0.000	0.000	0.000	0.9943493403152919	82
С	HOLD=0	1301	10	8	1.0101	0.8359	1.0101	11.7275	6.1048	6.1531	1.0101	1.000	0.000	0.000	0.000	0.8167063759881982	80
С	HOLD=0	1302	10	6	0.6106	0.4101	0.6106	7.4558	4.7081	4.7538	0.6106	1.000	0.000	0.000	0.000	0.385422478695045	82
С	HOLD=0	1304	10	10	0.9393	0.7763	0.9393	8.9062	4.2702	4.2892	0.9393	1.000	0.000	0.000	0.000	0.7760984242527512	83
С	HOLD=0	1303	10	10	0.9585	0.6773	0.9585	11.4974	8.6142	8.6649	0.9585	1.000	0.000	0.000	0.000	0.5434120615621	83
С	HOLD=0	1302	10	7	0.7870	0.4737	0.7870	6.5102	5.8875	5.9294	0.7870	0.998	0.002	0.000	0.000	0.6223789192621707	82
С	HOLD=0	1301	10	9	0.9572	0.7903	0.9552	10.6684	6.0106	6.0566	0.9552	0.090	0.428	0.482	0.000	0.5477335762882499	82
С	HOLD=0	1303	10	11	0.8200	0.6886	0.8200	11.0818	4.6760	4.7668	0.8200	0.996	0.000	0.004	0.000	0.8724779989637158	84
С	HOLD=0	1304	10	11	1.0144	0.7793	1.0144	9.3969	5.4008	5.4149	1.0144	0.516	0.484	0.000	0.000	0.339699015967269	84
С	HOLD=0	1302	10	8	0.9613	0.6104	0.9016	5.8200	5.5501	5.6033	0.9016	0.045	0.097	0.753	0.104	0.35113165912222716	84
С	HOLD=0	1301	10	10	0.9664	0.8057	0.9664	8.9798	6.4769	6.5604	0.9664	1.000	0.000	0.000	0.000	0.6294844731525304	80
С	HOLD=0	1302	10	9	0.9129	0.6601	0.9129	7.9051	5.5499	5.6061	0.9129	1.000	0.000	0.000	0.000	0.5284217682264775	84
С	HOLD=0	1303	10	12	0.9381	0.7490	0.9386	10.2243	3.6835	3.6890	0.9386	0.297	0.593	0.109	0.000	0.3196999357381822	86
С	HOLD=0	1303	10	13	0.9141	0.7003	0.9141	8.5719	3.3207	3.5061	0.9141	0.981	0.019	0.000	0.000	0.3665635231924153	86
С	HOLD=0	1304	10	12	0.9653	0.7568	0.9653	8.6396	4.2262	4.2469	0.9653	1.000	0.000	0.000	0.000	0.5090263145736724	88
С	HOLD=0	1301	10	11	0.9648	0.8222	0.9648	7.6309	5.4887	5.5208	0.9648	1.000	0.000	0.000	0.000	0.229775301054958	80
С	HOLD=0	1302	10	10	0.9038	0.6942	0.9038	7.5430	5.3930	5.4793	0.9038	0.492	0.000	0.212	0.296	0.586401745822791	81
С	HOLD=0	1303	10	14	0.8893	0.6886	0.8893	8.9252	4.5976	4.7327	0.8893	1.000	0.000	0.000	0.000	0.49856880295019085	85
С	HOLD=0	1304	10	13	0.9052	0.6667	0.9052	8.7967	4.3165	4.3545	0.9052	1.000	0.000	0.000	0.000	1.1199531865217323	84
С	HOLD=0	1301	10	12	1.4342	0.8194	0.9628	8.4702	5.7307	5.7632	0.9628	0.000	0.150	0.850	0.000	0.407180234269271	80
С	HOLD=0	1303	10	15	0.9345	0.6776	0.9345	10.2341	4.1670	4.3060	0.9345	1.000	0.000	0.000	0.000	0.6806204277555388	85
С	HOLD=0	1301	10	13	1.0119	0.8563	1.0119	8.3196	5.1267	5.1413	1.0119	0.989	0.000	0.011	0.000	0.39812272093025886	82
С	HOLD=0	1304	10	14	0.9022	0.6704	0.9022	8.9737	4.1039	4.1402	0.9022	0.994	0.006	0.000	0.000	0.3126451467815781	87
С	HOLD=0	1303	10	16	0.9599	0.7303	0.9599	9.7281	5.0689	5.0998	0.9599	1.000	0.000	0.000	0.000	0.778525024651027	85
С	HOLD=0	1302	10	11	0.9845	0.7232	0.9845	6.1337	6.0365	6.1294	0.9844	0.824	0.166	0.005	0.005	0.44675583732768426	80
С	HOLD=0	1301	10	14	0.9716	0.8339	0.9716	8.6649	4.6259	4.6533	0.9716	1.000	0.000	0.000	0.000	0.6556612919891555	84
С	HOLD=0	1304	10	15	0.9713	0.7507	0.9713	7.1649	4.1366	4.1855	0.9713	1.000	0.000	0.000	0.000	0.5465703326526254	87
С	HOLD=0	1304	10	16	1.0109	0.7865	1.0109	7.5699	3.7678	3.7889	1.0109	1.000	0.000	0.000	0.000	0.6329408828909966	85
С	HOLD=0	1303	10	17	0.9074	0.6955	0.9074	10.6451	4.3026	4.3433	0.9074	1.000	0.000	0.000	0.000	0.35036961430306435	85
С	HOLD=0	1301	10	15	0.9868	0.8397	0.9868	9.5014	4.8624	4.8990	0.9868	1.000	0.000	0.000	0.000	0.5463839562242488	85
С	HOLD=0	1303	10	18	1.0097	0.7503	1.0097	9.2880	5.5398	5.5703	1.0097	1.000	0.000	0.000	0.000	0.7111159206965415	84
С	HOLD=0	1304	10	17	0.9372	0.8370	0.9372	8.3010	3.3386	3.4138	0.9372	1.000	0.000	0.000	0.000	0.1456085779448754	85
С	HOLD=0	1302	10	12	0.5901	0.4722	0.5888	6.8063	6.0514	6.1451	0.5888	0.008	0.077	0.885	0.030	0.7109988670865758	80
С	HOLD=0	1301	10	16	0.9803	0.8353	0.9800	9.9407	4.9469	4.9806	0.9800	0.718	0.164	0.052	0.066	0.6130597353987914	85
С	HOLD=0	1301	10	17	0.9988	0.8403	0.9971	9.2232	5.6581	5.6825	0.9971	0.628	0.124	0.244	0.003	0.8322580414465187	83
С	HOLD=0	1302	10	13	0.7209	0.3552	0.7209	6.4141	4.4844	4.5839	0.6960	0.000	0.375	0.136	0.489	0.34647316066984574	80
С	HOLD=0	1303	10	19	0.9632	0.6890	0.9632	5.2179	4.7949	4.8218	0.9632	0.816	0.000	0.021	0.163	0.44440992364252024	80
С	HOLD=0	1304	10	18	0.9065	0.7224	0.9065	9.0343	3.4284	3.4831	0.9065	0.899	0.006	0.095	0.000	0.6133933058778717	88
С	HOLD=0	1302	10	14	1.0920	0.4213	1.1156	6.6063	5.5382	5.6098	0.9826	0.035	0.107	0.823	0.035	0.391478844848921	81
С	HOLD=0	1303	30	0	0.8909	0.7211	0.8909	5.0216	4.4976	4.5287	0.8909	0.949	0.000	0.035	0.016	0.20528665704629886	82
С	HOLD=0	1304	10	19	1.0937	0.6509	1.0937	8.7287	3.5056	3.5093	1.0937	1.000	0.000	0.000	0.000	0.7358736071958517	88
С	HOLD=0	1301	10	18	0.9769	0.8336	0.9774	8.5057	6.1300	6.1421	0.9775	0.399	0.405	0.070	0.126	0.3400413246674761	83
С	HOLD=0	1302	10	15	0.9561	0.6015	0.9582	8.0666	5.5704	5.6388	0.6915	0.009	0.051	0.928	0.012	0.7454461716370206	81
С	HOLD=0	1301	10	19	0.9854	0.8108	0.9854	7.9817	5.8574	5.8760	0.9854	1.000	0.000	0.000	0.000	0.3897268714644071	82
С	HOLD=0	1302	10	16	0.9630	0.5904	0.9630	9.2303	5.7228	5.7862	0.9630	0.963	0.000	0.000	0.037	0.35771845536387237	80
С	HOLD=0	1303	30	1	0.8583	0.6292	0.8583	4.4630	3.5966	3.6390	0.8583	1.000	0.000	0.000	0.000	0.3648606258585073	83
С	HOLD=0	1304	30	0	0.7152	0.3646	0.7152	10.5047	3.6984	3.8027	0.7152	0.000	1.000	0.000	0.000	0.658319778478323	84
С	HOLD=0	1303	30	2	0.8341	0.5900	0.8276	4.0789	3.9368	4.0094	0.8276	0.556	0.255	0.187	0.002	0.4255844161846961	81
С	HOLD=0	1301	30	0	0.9760	0.8197	0.9755	8.9070	5.2035	5.2453	0.9762	0.257	0.588	0.130	0.025	0.45798369430251085	84
С	HOLD=0	1304	30	1	0.7682	0.4877	0.7290	11.4838	4.5562	4.6464	0.7290	0.051	0.285	0.233	0.431	1.1355991714241793	88
С	HOLD=0	1302	10	17	0.8831	0.6508	0.8840	6.7446	4.9263	5.0036	0.8840	0.203	0.056	0.706	0.036	0.31634478007112626	80
С	HOLD=0	1304	30	2	0.7785	0.5217	0.8012	11.3311	3.6482	3.7221	0.8012	0.027	0.919	0.051	0.003	0.4570512466904999	85
С	HOLD=0	1301	30	1	0.9775	0.8149	0.9775	7.1588	5.5181	5.5503	0.9775	0.844	0.000	0.049	0.107	0.3838258252235301	83
С	HOLD=0	1303	30	3	0.9550	0.6928	0.9550	5.1447	5.0303	5.1142	0.9550	1.000	0.000	0.000	0.000	0.35752736439519417	83
С	HOLD=0	1303	30	4	1.1758	0.7854	1.1758	5.4272	5.3351	5.4083	1.1758	1.000	0.000	0.000	0.000	0.5913229856805498	82
С	HOLD=0	1301	30	2	0.9862	0.8128	0.9862	7.5309	5.4024	5.4503	0.9862	0.914	0.019	0.067	0.000	1.1525764395969083	83
С	HOLD=0	1304	30	3	1.0792	0.7817	1.0608	11.7204	4.2073	4.2309	1.0655	0.529	0.304	0.142	0.025	0.7251418485320541	86
С	HOLD=0	1303	30	5	0.9385	0.7150	0.9385	5.6001	5.4724	5.5665	0.9385	1.000	0.000	0.000	0.000	0.3789152109836976	81
С	HOLD=0	1302	10	18	0.7369	0.5955	0.6344	6.8456	5.0199	5.0882	0.6200	0.183	0.100	0.689	0.027	1.2534231882375586	80
С	HOLD=0	1301	30	3	0.9662	0.8181	0.9662	7.8441	5.7836	5.8131	0.9662	0.917	0.008	0.073	0.002	0.532926654723873	82
С	HOLD=0	1304	30	4	0.7946	0.6168	0.7906	10.9325	4.7367	4.7612	0.7906	0.565	0.244	0.175	0.016	0.9247131861366442	86
С	HOLD=0	1302	10	19	0.8954	0.4547	0.8954	8.4997	5.3339	5.3737	0.8954	1.000	0.000	0.000	0.000	0.5611523267913294	82
С	HOLD=0	1303	30	6	1.0965	0.6758	1.0965	4.4122	4.2364	4.3608	1.0965	0.982	0.000	0.018	0.000	0.593023827288415	83
С	HOLD=0	1301	30	4	0.9904	0.8372	0.9902	8.7212	6.3083	6.3316	0.9902	0.667	0.153	0.024	0.157	0.3514534144465234	82
С	HOLD=0	1304	30	5	0.6270	0.4507	0.6531	10.7815	3.7563	3.7850	0.6531	0.000	1.000	0.000	0.000	0.7385463608411467	84
С	HOLD=0	1303	30	7	0.8303	0.6158	0.8303	4.0936	3.0281	3.1955	0.8303	1.000	0.000	0.000	0.000	0.3088652320683798	84
С	HOLD=0	1301	30	5	0.9910	0.8460	0.9899	9.6640	6.1665	6.1984	0.9907	0.726	0.257	0.003	0.014	0.8535825404874092	84
С	HOLD=0	1304	30	6	0.8812	0.6973	0.8812	11.8151	4.5992	4.6457	0.8812	1.000	0.000	0.000	0.000	0.34836535301681093	87
С	HOLD=0	1302	30	0	0.5782	0.4789	0.5782	5.7055	5.6587	5.7023	0.5782	0.000	1.000	0.000	0.000	0.6560398690029248	80
С	HOLD=0	1301	30	6	1.0099	0.8393	1.0099	9.3537	5.4015	5.4263	1.0099	1.000	0.000	0.000	0.000	0.4472900943976985	82
С	HOLD=0	1304	30	7	0.7963	0.5212	0.7943	10.9474	3.6344	3.7060	0.7943	0.724	0.241	0.033	0.002	1.2306639130562433	87
С	HOLD=0	1303	30	8	0.9539	0.7908	0.9539	4.6068	4.1773	4.2795	0.9539	1.000	0.000	0.000	0.000	0.28254044347050705	84
С	HOLD=0	1303	30	9	0.7462	0.6547	0.6853	4.2897	3.0997	3.2237	0.6853	0.186	0.276	0.243	0.295	0.4593397469948938	80
С	HOLD=0	1301	30	7	0.9811	0.8306	0.9841	8.8895	4.9841	5.0246	0.9841	1.000	0.000	0.000	0.000	0.495601783597906	82
С	HOLD=0	1304	30	8	0.8576	0.5324	0.8576	9.0379	3.6384	3.6398	0.8576	0.000	1.000	0.000	0.000	0.6565070147630109	88
С	HOLD=0	1302	30	1	1.3707	0.4103	0.9754	5.5859	5.4230	5.4749	0.9754	0.001	0.166	0.823	0.010	0.8580369898918734	80
С	HOLD=0	1301	30	8	0.9844	0.8115	0.9844	9.0664	4.8936	4.9361	0.9844	0.998	0.002	0.000	0.000	0.7289087149190928	81
С	HOLD=0	1303	30	10	1.1383	0.7268	1.1383	4.0650	3.5066	3.6364	1.1383	0.000	1.000	0.000	0.000	0.44518924526306464	82
С	HOLD=0	1302	30	2	0.9341	0.4137	0.9341	5.6320	5.1232	5.1736	0.9341	1.000	0.000	0.000	0.000	0.7924437535706091	81
С	HOLD=0	1304	30	9	0.8802	0.5847	0.8812	9.3850	3.9479	3.9941	0.8812	0.466	0.005	0.529	0.000	0.5677197222705811	87
С	HOLD=0	1301	30	9	0.9755	0.8091	0.9755	9.3365	5.8788	5.9188	0.9755	0.997	0.002	0.002	0.000	0.6458923555884777	81
С	HOLD=0	1303	30	11	0.7741	0.5050	0.7781	4.0971	3.6353	3.7749	0.7781	1.000	0.000	0.000	0.000	0.352851222164031	85
С	HOLD=0	1303	30	12	1.0377	0.6976	1.0377	4.0708	3.9955	4.0356	1.0377	1.000	0.000	0.000	0.000	0.5720099831979023	85
С	HOLD=0	1301	30	10	0.9914	0.8223	0.9914	9.5527	8.2159	8.2521	0.9914	0.811	0.067	0.121	0.002	0.620894932985237	81
С	HOLD=0	1304	30	10	1.1618	0.6892	1.1618	10.3383	4.2897	4.3307	1.1618	1.000	0.000	0.000	0.000	0.3552554295579081	88
С	HOLD=0	1303	30	13	0.9637	0.6578	0.9637	4.6974	4.5052	4.6107	0.9637	1.000	0.000	0.000	0.000	0.49815723639590426	81
С	HOLD=0	1304	30	11	0.9800	0.5602	0.9800	11.2854	3.5013	3.5048	0.9800	1.000	0.000	0.000	0.000	0.5737367937022971	88
С	HOLD=0	1303	30	14	0.8252	0.7338	0.8252	5.4702	5.2679	5.3550	0.8252	0.560	0.000	0.414	0.026	0.6033887462818648	83
С	HOLD=0	1302	30	3	0.8125	0.4577	0.8125	6.3540	5.7520	5.7766	0.8125	1.000	0.000	0.000	0.000	0.2545119926430297	80
С	HOLD=0	1301	30	11	0.9923	0.8213	0.9910	8.4187	6.9714	6.9880	0.9910	0.949	0.020	0.005	0.026	0.4217932870852954	83
С	HOLD=0	1304	30	12	1.0939	0.7596	1.0939	11.8416	4.1064	4.1532	1.0939	1.000	0.000	0.000	0.000	0.48702295729310763	87
С	HOLD=0	1302	30	4	0.9386	0.5563	0.9386	6.5710	6.5327	6.5704	0.9386	1.000	0.000	0.000	0.000	0.5664910094656415	81
С	HOLD=0	1301	30	12	0.9676	0.8169	0.9676	8.4268	6.9266	6.9510	0.9676	1.000	0.000	0.000	0.000	0.7393940357287279	81
С	HOLD=0	1303	30	15	0.8389	0.6862	0.8389	5.8223	5.5942	5.6815	0.8389	1.000	0.000	0.000	0.000	0.5284617245806121	85
С	HOLD=0	1302	30	5	0.6930	0.6230	0.6930	6.1777	6.1311	6.1767	0.6930	0.000	1.000	0.000	0.000	0.2939074005099342	81
С	HOLD=0	1304	30	13	0.9586	0.6120	0.9537	11.5020	3.9767	3.9834	0.9537	0.774	0.077	0.141	0.008	0.9610672311152995	88
С	HOLD=0	1301	30	13	1.0001	0.8400	1.0001	7.6367	6.2367	6.2595	1.0001	1.000	0.000	0.000	0.000	0.6818106442136367	81
С	HOLD=0	1302	30	6	1.1033	0.5274	1.1033	5.8002	5.7073	5.8002	1.1033	1.000	0.000	0.000	0.000	0.4329733541091484	81
С	HOLD=0	1303	30	16	0.7468	0.6407	0.7468	5.8393	5.7035	5.7534	0.7468	0.798	0.000	0.202	0.000	1.0292481623342862	84
С	HOLD=0	1301	30	14	1.0009	0.8147	1.0009	9.4691	8.0795	8.1665	1.0009	0.993	0.000	0.007	0.000	0.38923973441139836	81
С	HOLD=0	1302	30	7	0.9018	0.3836	0.9018	5.8387	5.6810	5.7588	0.9018	0.000	1.000	0.000	0.000	0.3013461434848695	81
С	HOLD=0	1304	30	14	0.7515	0.5288	0.7502	10.3327	4.3757	4.4331	0.7502	0.242	0.002	0.755	0.000	0.9664018508220971	86
С	HOLD=0	1303	30	17	0.8767	0.6920	0.8767	6.1135	6.0160	6.0641	0.8767	1.000	0.000	0.000	0.000	0.35629385723669227	86
С	HOLD=0	1301	30	15	1.0103	0.8163	1.0103	7.9568	7.2789	7.4391	1.0103	0.949	0.000	0.015	0.036	0.5890464015668571	82
С	HOLD=0	1304	30	15	0.7653	0.6679	0.7805	10.9823	3.7263	3.7581	0.7203	0.005	0.273	0.701	0.020	0.6238368391143355	87
С	HOLD=0	1302	30	8	1.0926	0.6925	1.0927	6.5907	5.3905	5.4812	1.0927	0.766	0.000	0.234	0.000	0.22377445807845464	84
С	HOLD=0	1303	30	18	0.8978	0.7175	0.8978	6.3278	5.3148	5.3739	0.8978	0.882	0.000	0.118	0.000	0.6392176070167435	84
С	HOLD=0	1304	30	16	0.8945	0.5269	0.8950	10.5603	3.9778	3.9967	0.8950	0.503	0.296	0.198	0.004	0.4946928357030793	86
С	HOLD=0	1302	30	9	0.8056	0.5809	0.8056	7.9293	5.5665	5.6520	0.8056	1.000	0.000	0.000	0.000	0.47380902262085706	81
С	HOLD=0	1301	30	16	0.9880	0.8065	0.9880	8.6490	8.1446	8.3212	0.9880	0.117	0.100	0.782	0.001	0.2832838772696474	82
С	HOLD=0	1303	30	19	0.9306	0.7465	0.9116	6.9734	5.2830	5.3530	0.9116	0.317	0.056	0.611	0.015	0.35634715555944524	84
И	HOLD=0	1303	0.781	0.032	0.762	0.001	0.018	0.000	1.029	2.530	0.989	3.95e-29	5.39e-29	8
С	HOLD=0	1302	30	10	0.9044	0.2526	0.8375	8.6712	6.0408	6.0884	0.8375	0.776	0.006	0.186	0.032	0.7579210713521487	81
С	HOLD=0	1301	30	17	0.9779	0.8080	0.9779	8.7795	8.0915	8.3175	0.9779	1.000	0.000	0.000	0.000	0.5877497432801557	81
С	HOLD=0	1304	30	17	0.7737	0.4743	0.7256	10.8298	3.8444	3.8500	0.6893	0.139	0.380	0.443	0.038	0.5724241928114787	84
С	HOLD=0	1302	30	11	0.8692	0.5122	0.8692	9.7832	5.7994	5.8249	0.8692	0.000	0.123	0.845	0.032	0.6781270795349799	81
С	HOLD=0	1301	30	18	0.9837	0.8090	0.9837	9.0501	5.8223	5.9214	0.9837	1.000	0.000	0.000	0.000	0.41110465179769756	82
С	HOLD=0	1302	30	12	0.7007	0.3134	0.7007	8.9232	6.3903	6.4176	0.7007	0.584	0.000	0.000	0.415	0.4974266250763755	81
С	HOLD=0	1304	30	18	1.0277	0.5628	1.0277	10.3241	3.7307	3.7396	1.0277	0.502	0.353	0.145	0.000	0.5559859123957056	86
С	HOLD=0	1301	30	19	0.9772	0.7793	0.9765	8.1154	5.0256	5.0641	0.9765	0.781	0.128	0.044	0.048	0.8658196543229402	81
И	HOLD=0	1301	0.960	0.239	0.981	0.005	0.132	0.002	1.153	2.831	0.973	6.47e-24	1.03e-23	8
С	HOLD=0	1302	30	13	1.0592	0.5493	1.0592	7.7151	5.7127	5.7418	1.0592	1.000	0.000	0.000	0.000	0.32501413440382504	81
С	HOLD=0	1304	30	19	0.9737	0.6640	0.9737	9.6440	3.5354	3.5389	0.9737	1.000	0.000	0.000	0.000	1.023966522767404	85
И	HOLD=0	1304	0.865	0.102	0.670	0.000	0.069	0.000	1.391	2.124	0.964	1.48e-35	1.26e-48	8
С	HOLD=0	1302	30	14	0.8291	0.6423	0.8285	6.8990	5.3405	5.3728	0.8285	0.594	0.001	0.382	0.024	0.4568873388839925	80
С	HOLD=0	1302	30	15	0.7966	0.6506	0.7966	6.5080	5.4009	5.4395	0.7966	1.000	0.000	0.000	0.000	0.5789578760570566	81
С	HOLD=0	1302	30	16	1.0055	0.6940	0.9855	6.1523	5.5458	5.5819	0.9855	0.377	0.114	0.483	0.026	0.46124448659708056	81
С	HOLD=0	1302	30	17	0.8524	0.6190	0.8524	7.1161	5.2165	5.2615	0.8524	0.662	0.000	0.000	0.338	0.4662693115382141	80
С	HOLD=0	1302	30	18	0.8379	0.1979	0.8379	8.9601	5.4538	5.4963	0.8379	0.000	1.000	0.000	0.000	0.5991051475051308	80
С	HOLD=0	1302	30	19	1.3103	0.6817	1.3103	5.9027	4.8667	4.9135	1.3103	1.000	0.000	0.000	0.000	0.48931742503692705	80
И	HOLD=0	1302	0.760	0.016	0.588	0.000	0.001	0.000	1.253	2.106	0.996	5.59e-30	1.32e-116	4
С	HOLD=0	1305	10	0	1.0320	0.8658	1.0333	7.3296	4.7856	4.8129	1.0333	0.728	0.113	0.159	0.001	0.8086412113543532	85
С	HOLD=0	1306	10	0	1.0831	0.9208	0.9907	8.7266	8.6185	8.6537	0.9898	0.006	0.235	0.734	0.025	0.3542994909633826	83
С	HOLD=0	1305	10	1	1.0323	0.8473	1.0364	6.5943	4.0476	4.0624	1.0364	0.908	0.045	0.026	0.021	0.5626212902362582	84
С	HOLD=0	1307	10	0	0.9564	0.7176	0.9564	4.9497	4.2348	4.2929	0.9564	0.681	0.313	0.001	0.005	0.6133799602563605	84
С	HOLD=0	1305	10	2	1.0089	0.8310	1.0126	8.6706	4.0340	4.0653	1.0126	0.985	0.013	0.001	0.001	0.9524103628118065	81
С	HOLD=0	1306	10	1	2.4717	0.7193	1.4371	9.6932	9.6168	9.6215	1.4371	0.000	0.948	0.052	0.000	0.6447272959039643	84
С	HOLD=0	1307	10	1	0.8652	0.6784	0.8652	5.5657	4.7378	4.7769	0.8652	1.000	0.000	0.000	0.000	0.38521346322682787	83
С	HOLD=0	1305	10	3	1.0381	0.8671	1.0302	8.0513	4.7616	4.7888	1.0302	0.895	0.070	0.006	0.029	0.877840781892082	81
С	HOLD=0	1306	10	2	1.1647	0.7411	1.1647	7.3960	7.3074	7.3237	1.1647	0.000	1.000	0.000	0.000	0.3798924561867648	86
С	HOLD=0	1307	10	2	1.0355	0.7602	1.0355	5.4270	3.8610	3.8975	1.0355	0.923	0.000	0.077	0.000	0.5302145792525389	83
С	HOLD=0	1305	10	4	1.0201	0.8487	1.0157	8.0955	4.0885	4.1862	1.0157	0.621	0.217	0.066	0.096	1.2507617582063448	81
С	HOLD=0	1307	10	3	0.8798	0.6939	0.8798	5.5004	4.3154	4.3488	0.8798	0.629	0.324	0.021	0.026	0.3285903604735824	82
С	HOLD=0	1306	10	3	1.4059	0.7432	1.4489	6.2782	6.1767	6.1928	1.4489	0.000	1.000	0.000	0.000	0.3473382086272411	84
С	HOLD=0	1305	10	5	1.0112	0.8437	0.9945	6.9886	4.9120	4.9434	0.9945	0.831	0.125	0.016	0.028	0.18145876458117807	83
С	HOLD=0	1307	10	4	0.9983	0.7645	0.9983	5.8425	4.7702	4.7943	0.9983	0.968	0.032	0.000	0.000	0.6558779755215516	82
С	HOLD=0	1306	10	4	1.6369	0.7333	1.6369	6.5367	6.3934	6.4274	1.6369	0.000	1.000	0.000	0.000	0.5594745338233812	84
С	HOLD=0	1305	10	6	1.0185	0.8498	1.0181	6.8760	5.4853	5.4875	1.0181	0.826	0.093	0.018	0.063	0.3850860474781774	83
С	HOLD=0	1307	10	5	1.1428	0.9146	1.1428	6.2302	5.4653	5.5076	1.1428	1.000	0.000	0.000	0.000	0.5264813722704679	82
С	HOLD=0	1308	10	0	0.9783	0.8076	0.9783	4.2235	3.0958	3.0959	0.9783	1.000	0.000	0.000	0.000	0.2856657019173301	79
С	HOLD=0	1306	10	5	1.1070	0.6991	0.8098	6.3538	6.1817	6.2136	0.8098	0.001	0.540	0.437	0.022	0.5269943505459272	83
С	HOLD=0	1305	10	7	1.0263	0.8337	0.9964	6.4138	4.5778	4.6026	0.9964	0.824	0.161	0.008	0.007	0.5940057500186487	86
С	HOLD=0	1307	10	6	1.0133	0.7763	1.0133	5.9362	5.5287	5.5888	1.0133	1.000	0.000	0.000	0.000	0.4308975456076561	84
С	HOLD=0	1306	10	6	1.6182	0.6768	1.0545	6.2047	6.0797	6.1188	1.0545	0.000	0.607	0.381	0.012	0.3876612227390564	81
С	HOLD=0	1305	10	8	1.0279	0.8355	1.0023	9.7166	5.6639	5.6935	1.0023	0.854	0.116	0.008	0.022	0.5345528827933606	84
С	HOLD=0	1307	10	7	1.0114	0.6983	1.0113	4.8994	4.7194	4.7898	1.0114	0.999	0.000	0.000	0.000	0.4376736363975623	86
С	HOLD=0	1308	10	1	0.9570	0.8030	0.9564	7.1725	6.5647	6.6061	0.9564	0.805	0.003	0.142	0.050	0.579947574027134	76
С	HOLD=0	1305	10	9	1.0115	0.8320	1.0076	10.9052	3.3894	3.4489	1.0076	0.633	0.205	0.027	0.135	0.527715019174635	84
С	HOLD=0	1306	10	7	0.7977	0.7426	0.7978	5.7267	5.5870	5.6537	0.7978	0.897	0.030	0.017	0.055	0.7057088409875484	83
С	HOLD=0	1307	10	8	0.9939	0.7460	0.9939	4.2628	4.3637	4.3966	0.9939	1.000	0.000	0.000	0.000	0.7785106304376455	85
С	HOLD=0	1305	10	10	1.0173	0.8304	0.9979	11.2621	4.3248	4.3536	0.9979	0.757	0.179	0.048	0.015	0.6122789315827306	85
С	HOLD=0	1307	10	9	0.9328	0.7245	0.9285	5.0241	4.9609	5.0242	0.9285	0.001	0.166	0.812	0.022	0.5693350894955777	83
С	HOLD=0	1306	10	8	0.9193	0.8165	0.9193	6.2988	6.1213	6.2150	0.9193	0.951	0.003	0.006	0.039	0.4212336774463313	83
С	HOLD=0	1308	10	2	1.0087	0.8147	1.0088	4.8054	3.8059	3.8814	1.0116	1.000	0.000	0.000	0.000	0.3933477273066845	77
С	HOLD=0	1306	10	9	1.0465	0.9237	1.0464	5.0015	4.8572	4.9622	1.0464	0.870	0.018	0.099	0.013	1.1164082456488418	83
С	HOLD=0	1305	10	11	0.9981	0.8231	0.9876	9.1702	5.3947	5.4069	0.9876	0.745	0.116	0.063	0.077	0.8334298214093332	84
С	HOLD=0	1307	10	10	1.0391	0.7881	1.0391	6.0602	6.0309	6.0557	1.0391	1.000	0.000	0.000	0.000	0.7810260313855916	85
С	HOLD=0	1306	10	10	1.0281	0.8695	1.0281	5.4674	5.3414	5.4403	1.0281	0.970	0.000	0.030	0.000	0.8156699172777333	83
С	HOLD=0	1305	10	12	0.9944	0.8153	0.9838	9.4949	4.3717	4.3860	0.9838	0.752	0.062	0.069	0.117	0.4870275529210147	84
С	HOLD=0	1307	10	11	1.0129	0.7496	1.0129	6.0491	6.0139	6.0490	1.0129	1.000	0.000	0.000	0.000	0.56669310131972	82
С	HOLD=0	1306	10	11	0.9828	0.7838	0.9828	5.9020	5.7821	5.8704	0.9828	0.957	0.001	0.042	0.000	0.4653853586928448	83
С	HOLD=0	1308	10	3	1.0019	0.8040	1.0015	5.5449	4.4332	4.5546	1.0015	0.982	0.000	0.018	0.000	0.3460245133123408	76
С	HOLD=0	1307	10	12	0.9188	0.7403	0.9188	6.0695	6.0275	6.0694	0.9188	1.000	0.000	0.000	0.000	0.3892156416390113	82
С	HOLD=0	1305	10	13	0.9921	0.8177	0.9918	8.7253	4.1782	4.2657	0.9918	0.900	0.052	0.048	0.000	0.7989216441235836	84
С	HOLD=0	1308	10	4	0.9943	0.7949	0.9943	4.5615	3.6728	3.6992	0.9943	1.000	0.000	0.000	0.000	0.7326005370408031	80
С	HOLD=0	1306	10	12	1.0364	0.8070	1.0364	4.4988	4.2885	4.3991	1.0364	1.000	0.000	0.000	0.000	0.6842698066897476	85
С	HOLD=0	1307	10	13	0.8930	0.7055	0.8930	5.8639	5.8633	5.8992	0.8930	1.000	0.000	0.000	0.000	0.5361428018818102	83
С	HOLD=0	1305	10	14	0.9767	0.8108	0.9690	9.8501	3.9554	4.0009	0.9690	0.906	0.025	0.023	0.046	0.2871430158511292	84
С	HOLD=0	1308	10	5	0.9478	0.7788	0.9478	4.6767	3.6949	3.7277	0.9478	1.000	0.000	0.000	0.000	0.6707372696496358	79
С	HOLD=0	1307	10	14	0.9710	0.7551	0.9710	5.4487	5.3798	5.4354	0.9710	1.000	0.000	0.000	0.000	0.5587100470432674	83
С	HOLD=0	1306	10	13	1.0782	0.8215	1.0782	4.5596	4.3934	4.4864	1.0782	1.000	0.000	0.000	0.000	0.4109587352720952	85
С	HOLD=0	1308	10	6	0.9213	0.7860	0.9213	4.7578	3.3451	3.4944	0.9213	1.000	0.000	0.000	0.000	0.9127250300345275	83
С	HOLD=0	1306	10	14	1.0115	0.7398	1.0096	5.7198	5.5467	5.6479	1.0096	0.164	0.704	0.123	0.009	0.6852840168262918	85
С	HOLD=0	1308	10	7	0.9575	0.8124	0.9569	4.3580	2.9067	2.9544	0.9569	0.822	0.013	0.133	0.032	0.2903473173636856	79
С	HOLD=0	1305	10	15	0.9654	0.8016	0.9654	11.5698	3.5891	3.7047	0.9654	0.898	0.098	0.004	0.000	0.46934804096198784	85
С	HOLD=0	1307	10	15	0.9159	0.6848	0.9159	5.2307	5.1723	5.2122	0.9159	1.000	0.000	0.000	0.000	0.6131392013240656	84
С	HOLD=0	1305	10	16	0.9625	0.8154	0.9621	11.8769	4.2700	4.3459	0.9621	0.863	0.056	0.072	0.009	0.49533691522310336	85
С	HOLD=0	1306	10	15	0.8848	0.7096	0.8848	5.8427	5.7080	5.8125	0.8848	1.000	0.000	0.000	0.000	0.672331497390281	84
С	HOLD=0	1308	10	8	0.9913	0.8197	0.9913	4.5073	2.7876	2.8163	0.9913	1.000	0.000	0.000	0.000	0.3677563262386666	82
С	HOLD=0	1307	10	16	0.8337	0.7245	0.8337	5.3941	5.3764	5.4137	0.8337	0.995	0.000	0.001	0.004	0.5673031400001034	84
С	HOLD=0	1308	10	9	0.9762	0.8103	0.9762	4.9627	2.7427	2.9639	0.9762	0.999	0.000	0.001	0.000	0.32940084990610907	80
С	HOLD=0	1307	10	17	0.9162	0.7612	0.9162	5.7138	5.6461	5.6888	0.9162	1.000	0.000	0.000	0.000	0.38412113795323355	84
С	HOLD=0	1306	10	16	0.8296	0.6518	0.8296	5.2216	5.0625	5.1754	0.8296	1.000	0.000	0.000	0.000	0.8116108690389373	84
С	HOLD=0	1308	10	10	0.9893	0.8172	0.9893	4.7681	2.6780	2.6981	0.9893	1.000	0.000	0.000	0.000	0.40834704797278876	81
С	HOLD=0	1305	10	17	0.9836	0.8333	0.9837	14.4444	3.9768	4.0811	0.9837	0.934	0.038	0.027	0.001	0.5716566075882833	85
С	HOLD=0	1308	10	11	0.9740	0.8156	0.9740	4.8199	3.0403	3.0443	0.9740	1.000	0.000	0.000	0.000	0.33163011215885285	84
С	HOLD=0	1307	10	18	1.1504	0.8348	1.1504	6.6397	6.5875	6.6159	1.1504	1.000	0.000	0.000	0.000	0.6082894201575574	84
С	HOLD=0	1306	10	17	0.9923	0.7606	0.9923	4.8790	4.6940	4.8099	0.9923	1.000	0.000	0.000	0.000	0.679858938672127	83
С	HOLD=0	1305	10	18	0.9912	0.8317	0.9912	14.2545	3.6533	3.6557	0.9912	0.988	0.012	0.000	0.000	0.5071556279974188	85
С	HOLD=0	1306	10	18	0.8979	0.8515	0.8972	5.6652	5.4127	5.5195	0.8972	0.289	0.630	0.017	0.063	0.9545134472067109	84
С	HOLD=0	1307	10	19	0.9835	0.7582	0.9835	6.2687	6.1972	6.2297	0.9836	0.632	0.160	0.173	0.036	0.8304474988010644	82
С	HOLD=0	1308	10	12	0.9742	0.8212	0.9742	4.8705	3.0481	3.0545	0.9742	1.000	0.000	0.000	0.000	0.45127986343197146	83
С	HOLD=0	1305	10	19	0.9847	0.8209	0.9849	14.4144	5.2266	5.2715	0.9849	0.569	0.381	0.026	0.024	0.42453773277720414	85
С	HOLD=0	1306	10	19	0.8260	0.6268	0.8132	6.3483	6.1762	6.2785	0.6920	0.001	0.163	0.821	0.015	0.7968087432022721	82
С	HOLD=0	1307	30	0	0.9462	0.7926	0.9462	6.3736	6.2009	6.2398	0.9462	1.000	0.000	0.000	0.000	0.7547938419036065	83
С	HOLD=0	1308	10	13	0.9728	0.8183	0.9726	4.9399	3.0417	3.0579	0.9727	0.564	0.000	0.436	0.000	0.926582275442242	83
С	HOLD=0	1305	30	0	0.9887	0.8169	0.9887	13.4293	4.4059	4.4566	0.9887	0.806	0.000	0.068	0.126	0.4023139452127869	84
С	HOLD=0	1307	30	1	0.8925	0.7850	0.8925	6.3182	5.9171	5.9569	0.8925	1.000	0.000	0.000	0.000	0.9961513584649165	84
С	HOLD=0	1306	30	0	0.9616	0.7553	0.9616	5.4722	5.2991	5.3902	0.9616	1.000	0.000	0.000	0.000	0.32021174014033643	83
С	HOLD=0	1308	10	14	0.9741	0.8151	0.9741	4.7705	3.3321	3.3530	0.9741	1.000	0.000	0.000	0.000	0.381794698003457	86
С	HOLD=0	1305	30	1	0.9885	0.8180	0.9882	12.3560	3.2164	3.2977	0.9882	0.882	0.078	0.013	0.027	0.3877609885591933	87
С	HOLD=0	1306	30	1	0.9254	0.7524	0.9279	5.8961	5.7662	5.8583	0.9279	0.097	0.789	0.099	0.016	0.8586081216730227	85
С	HOLD=0	1307	30	2	1.0428	0.9083	1.0428	6.2532	5.9827	6.0383	1.0429	0.829	0.002	0.002	0.168	0.6838947020340503	82
С	HOLD=0	1308	10	15	0.9945	0.8357	0.9945	4.8671	3.7611	3.7798	0.9945	1.000	0.000	0.000	0.000	0.47131501508144125	87
С	HOLD=0	1305	30	2	0.9946	0.8156	0.9946	13.3019	5.2336	5.3125	0.9946	0.799	0.196	0.004	0.002	0.8377156205423383	85
С	HOLD=0	1306	30	2	1.0055	0.8225	1.0055	5.1810	4.9711	5.0387	1.0055	1.000	0.000	0.000	0.000	0.35905017638778314	85
С	HOLD=0	1307	30	3	0.9388	0.8389	0.9388	6.8139	6.1076	6.1627	0.9388	0.963	0.034	0.003	0.000	0.6186737108413602	82
С	HOLD=0	1305	30	3	0.9877	0.8123	0.9877	14.2281	5.1091	5.1864	0.9877	0.726	0.196	0.059	0.018	0.5690358978683985	84
С	HOLD=0	1308	10	16	0.9711	0.8228	0.9711	5.1356	4.3165	4.3409	0.9711	1.000	0.000	0.000	0.000	0.6738896063867033	87
С	HOLD=0	1307	30	4	0.9385	0.8107	0.9385	7.5509	5.6377	5.6714	0.9385	1.000	0.000	0.000	0.000	0.22899244259432439	82
С	HOLD=0	1306	30	3	1.0323	0.8166	1.0326	5.3913	5.2227	5.2699	1.0326	0.976	0.019	0.004	0.001	0.6878456499092704	86
С	HOLD=0	1308	10	17	0.9709	0.8195	0.9709	5.1360	3.6141	3.6548	0.9709	1.000	0.000	0.000	0.000	0.7163527730388519	88
С	HOLD=0	1307	30	5	0.9784	0.8425	0.9784	8.4481	4.6053	4.6408	0.9784	0.660	0.039	0.070	0.231	0.7363838855744744	84
С	HOLD=0	1305	30	4	0.9857	0.8096	0.9857	10.5965	4.3281	4.4456	0.9857	0.784	0.198	0.017	0.001	0.4992708772106625	85
С	HOLD=0	1308	10	18	0.9682	0.8234	0.9682	5.0993	3.4672	3.5045	0.9682	1.000	0.000	0.000	0.000	0.3656887395436074	87
С	HOLD=0	1306	30	4	0.9784	0.7687	0.9779	5.3223	5.1073	5.1406	0.9779	0.214	0.557	0.207	0.022	0.6596072148907071	86
С	HOLD=0	1307	30	6	0.9294	0.7817	0.9294	8.1138	4.2772	4.4695	0.9294	1.000	0.000	0.000	0.000	0.5875536720298242	86
С	HOLD=0	1305	30	5	0.9818	0.8096	0.9818	9.9148	4.4512	4.5490	0.9818	1.000	0.000	0.000	0.000	0.4611737565733829	85
С	HOLD=0	1308	10	19	0.9892	0.8301	0.9918	5.0326	3.6397	3.6749	0.9918	0.629	0.028	0.310	0.033	0.5340793369782947	88
С	HOLD=0	1307	30	7	1.0108	0.8115	1.0108	4.4425	4.3849	4.4160	1.0108	0.915	0.000	0.085	0.000	0.37570717997289993	83
С	HOLD=0	1305	30	6	0.9678	0.8073	0.9678	8.4074	3.8958	4.0109	0.9678	0.844	0.154	0.001	0.000	0.486267214987342	84
С	HOLD=0	1306	30	5	0.9518	0.7224	0.9519	5.1184	4.9854	5.0326	0.9519	0.916	0.000	0.031	0.053	0.5769284422522674	85
С	HOLD=0	1307	30	8	1.0026	0.8088	1.0026	5.8296	4.7008	4.7271	1.0026	1.000	0.000	0.000	0.000	0.6359708025374682	81
С	HOLD=0	1308	30	0	0.9923	0.8265	0.9926	5.0909	3.5874	3.6318	0.9926	0.874	0.000	0.121	0.004	0.5159354342744471	86
С	HOLD=0	1305	30	7	1.0006	0.8114	1.0042	9.0324	2.9429	3.0884	1.0042	0.986	0.006	0.007	0.001	0.6114087783554408	84
С	HOLD=0	1307	30	9	0.9473	0.7336	0.9473	4.7835	4.7459	4.7677	0.9473	1.000	0.000	0.000	0.000	0.41443790899235794	86
С	HOLD=0	1306	30	6	0.9411	0.7354	0.9411	4.3470	4.2920	4.3258	0.9411	0.893	0.001	0.031	0.075	0.6643096802127462	84
С	HOLD=0	1308	30	1	1.0024	0.8301	1.0024	5.2679	4.5515	4.6086	1.0024	1.000	0.000	0.000	0.000	0.6751444407872474	88
С	HOLD=0	1305	30	8	0.9848	0.8070	0.9848	8.9055	4.3638	4.4275	0.9848	0.970	0.030	0.000	0.000	0.4969076919675153	86
С	HOLD=0	1307	30	10	1.0213	0.7669	1.0213	5.0145	4.8467	4.8711	1.0213	0.000	1.000	0.000	0.000	0.26686434560730443	84
С	HOLD=0	1305	30	9	0.9785	0.8114	0.9785	9.9053	4.4704	4.5548	0.9785	0.924	0.072	0.003	0.002	0.18182895247366795	85
С	HOLD=0	1308	30	2	0.9973	0.8334	0.9971	5.2644	4.9917	5.0352	0.9971	0.716	0.012	0.262	0.010	0.4638617530072374	88
С	HOLD=0	1306	30	7	0.9424	0.7656	0.9424	5.8504	4.6340	4.6685	0.9424	1.000	0.000	0.000	0.000	0.7625958116866808	85
С	HOLD=0	1307	30	11	0.9740	0.7434	0.9740	4.9804	4.8693	4.9015	0.9740	1.000	0.000	0.000	0.000	0.6261191568962973	87
С	HOLD=0	1305	30	10	0.9981	0.8229	0.9981	13.0719	4.2820	4.3405	0.9981	0.970	0.000	0.030	0.000	0.7207507283156489	84
С	HOLD=0	1308	30	3	0.9974	0.8318	0.9974	5.3518	3.7034	3.7616	0.9974	1.000	0.000	0.000	0.000	0.6928157569778189	88
С	HOLD=0	1305	30	11	0.9970	0.8199	0.9970	14.8156	3.7904	3.8282	0.9970	1.000	0.000	0.000	0.000	0.559968724306845	81
С	HOLD=0	1307	30	12	0.9395	0.7371	0.9395	5.0440	4.9981	5.0348	0.9395	0.974	0.000	0.026	0.000	0.50512481628549	88
С	HOLD=0	1306	30	8	0.9231	0.7254	0.9227	6.0964	4.7679	4.8010	0.9227	0.195	0.622	0.176	0.008	0.6433342358885284	84
С	HOLD=0	1306	30	9	0.9654	0.7361	0.9652	6.5825	4.9017	4.9414	0.9652	0.928	0.000	0.001	0.071	1.2878833825924496	81
С	HOLD=0	1308	30	4	1.0025	0.8325	1.0026	5.4261	3.7024	3.7866	1.0036	0.699	0.008	0.275	0.017	0.9905639800699836	88
С	HOLD=0	1305	30	12	0.9979	0.8300	0.9937	12.2156	4.0496	4.0960	0.9937	0.527	0.434	0.031	0.009	0.35604120743702533	84
С	HOLD=0	1307	30	13	0.9244	0.8056	0.9244	5.0007	4.9676	4.9943	0.9244	1.000	0.000	0.000	0.000	1.418876164674061	88
С	HOLD=0	1306	30	10	0.8578	0.6786	0.8577	4.8130	4.7794	4.8124	0.8577	0.911	0.000	0.000	0.089	0.3039167273355781	80
С	HOLD=0	1308	30	5	0.9962	0.8182	0.9962	4.9826	4.7470	4.7695	0.9962	1.000	0.000	0.000	0.000	0.7862757007519722	88
С	HOLD=0	1305	30	13	1.0116	0.8242	1.0116	11.5815	5.0854	5.1073	1.0116	0.998	0.002	0.000	0.000	0.21114633898194055	82
С	HOLD=0	1306	30	11	0.8453	0.7341	0.8447	4.3972	4.3654	4.3969	0.8447	0.833	0.002	0.001	0.164	0.44790041877982933	76
С	HOLD=0	1305	30	14	1.0051	0.8215	1.0005	10.9098	4.7675	4.8079	1.0005	0.589	0.380	0.031	0.000	0.2239478330218454	83
С	HOLD=0	1307	30	14	0.9219	0.8129	0.9219	5.7589	5.3267	5.3718	0.9219	1.000	0.000	0.000	0.000	0.36361004496442834	87
С	HOLD=0	1308	30	6	0.9960	0.8177	0.9960	5.2146	3.6031	3.7434	0.9960	1.000	0.000	0.000	0.000	0.49194289278858244	88
С	HOLD=0	1305	30	15	1.0053	0.8132	1.0027	10.9293	4.1522	4.1880	1.0027	0.889	0.091	0.020	0.001	0.25205528125111665	82
С	HOLD=0	1307	30	15	0.9678	0.8241	0.9678	5.5884	5.3179	5.4464	0.9678	1.000	0.000	0.000	0.000	1.0177723547893829	85
С	HOLD=0	1308	30	7	0.9980	0.8112	0.9980	5.0020	4.1102	4.2265	0.9980	0.562	0.321	0.114	0.003	0.517583085872349	87
С	HOLD=0	1306	30	12	0.9833	0.7504	0.9835	5.0991	5.0652	5.0990	0.9835	0.954	0.005	0.042	0.000	0.34640348376288455	79
С	HOLD=0	1305	30	16	0.9820	0.8067	0.9820	11.7383	4.0398	4.0767	0.9820	0.995	0.000	0.005	0.000	0.7070735182439036	82
С	HOLD=0	1307	30	16	1.0011	0.8150	1.0020	5.9875	5.1832	5.3155	1.0020	0.469	0.041	0.233	0.257	0.5234557159237443	85
С	HOLD=0	1305	30	17	0.9734	0.8043	0.9722	10.9111	5.5187	5.5589	0.9722	0.972	0.001	0.026	0.001	0.13117755904601772	84
С	HOLD=0	1308	30	8	1.0064	0.8118	1.0064	6.2027	6.1435	6.1655	1.0064	0.868	0.000	0.114	0.018	0.6389024186376981	86
С	HOLD=0	1306	30	13	0.8773	0.7193	0.8798	5.4212	5.3712	5.4022	0.8798	0.086	0.343	0.568	0.003	0.655183434109376	84
С	HOLD=0	1307	30	17	0.9477	0.7849	0.9477	5.5537	5.1383	5.2576	0.9477	1.000	0.000	0.000	0.000	0.5077047747856372	86
С	HOLD=0	1305	30	18	0.9787	0.8135	0.9799	12.1839	6.6471	6.7101	0.9799	0.976	0.000	0.024	0.000	0.3795149812292601	77
С	HOLD=0	1306	30	14	0.8957	0.6719	0.8957	5.4426	5.3364	5.4154	0.8957	0.924	0.000	0.076	0.000	0.5496113176822628	82
С	HOLD=0	1308	30	9	0.9925	0.8049	0.9925	5.0575	3.5374	3.7112	0.9925	0.875	0.002	0.123	0.000	0.36469320779126974	88
С	HOLD=0	1305	30	19	1.0010	0.8129	1.0003	12.9307	5.4219	5.4648	1.0003	0.933	0.002	0.065	0.000	0.5374560171329915	82
И	HOLD=0	1305	1.003	0.330	0.938	0.004	0.137	0.001	1.251	2.746	0.995	6.14e-21	9.29e-24	8
С	HOLD=0	1308	30	10	0.9794	0.7950	0.9794	4.9503	3.3577	3.5324	0.9794	0.841	0.001	0.158	0.000	0.7505135130913358	86
С	HOLD=0	1307	30	18	0.9696	0.7914	0.9696	6.1879	5.7704	5.8840	0.9696	1.000	0.000	0.000	0.000	0.7461628629068364	86
С	HOLD=0	1306	30	15	0.9782	0.6390	0.9778	5.8930	5.8206	5.8674	0.9778	0.332	0.254	0.374	0.040	0.34102421686925216	78
С	HOLD=0	1307	30	19	0.9868	0.8141	0.9868	5.7653	5.6493	5.7637	0.9868	1.000	0.000	0.000	0.000	0.37141338648079775	85
И	HOLD=0	1307	1.017	0.191	0.951	-0.010	0.040	0.001	1.419	1.942	0.841	1.15e-19	3.23e-20	8
С	HOLD=0	1306	30	16	0.8200	0.6301	0.7720	5.5787	5.5014	5.5557	0.7720	0.024	0.133	0.738	0.105	0.1824685820203904	79
С	HOLD=0	1308	30	11	0.9729	0.7916	0.9729	4.9514	3.9576	4.0601	0.9729	0.929	0.001	0.070	0.000	0.5204945328070364	87
С	HOLD=0	1306	30	17	1.1118	0.7025	1.1118	6.3766	6.2187	6.3362	1.1118	0.003	0.952	0.042	0.003	0.5568050009225529	79
С	HOLD=0	1308	30	12	0.9642	0.7843	0.9642	6.3706	5.8783	5.9242	0.9642	0.935	0.000	0.065	0.000	0.6086069420912055	86
С	HOLD=0	1306	30	18	1.0622	0.7340	1.0418	4.5795	4.2336	4.2642	1.0418	0.233	0.176	0.069	0.521	0.4532897546701959	77
С	HOLD=0	1308	30	13	0.9690	0.7927	0.9690	4.5856	3.7070	3.8274	0.9690	0.928	0.000	0.072	0.000	0.5248100906561257	87
С	HOLD=0	1308	30	14	0.9724	0.8291	0.9724	5.8228	5.4092	5.4592	0.9724	0.564	0.007	0.394	0.034	0.8531315195422444	88
С	HOLD=0	1306	30	19	0.7898	0.6001	0.7898	4.9136	4.8823	4.9130	0.7898	0.947	0.000	0.053	0.000	0.22642939383195143	83
И	HOLD=0	1306	1.042	0.159	0.881	0.005	0.027	0.000	1.288	2.529	0.905	6.08e-44	1.46e-52	8
С	HOLD=0	1308	30	15	0.9701	0.8096	0.9701	4.9390	3.6904	3.9050	0.9701	1.000	0.000	0.000	0.000	0.40578454790046775	88
С	HOLD=0	1308	30	16	0.9749	0.8182	0.9749	4.9105	4.0393	4.0798	0.9749	0.645	0.000	0.349	0.006	0.40816755020365075	84
С	HOLD=0	1308	30	17	0.9966	0.8404	0.9966	7.2757	7.2193	7.2427	0.9966	1.000	0.000	0.000	0.000	0.5372643512975033	81
С	HOLD=0	1308	30	18	0.9734	0.8337	0.9734	5.0542	3.9663	4.2931	0.9734	0.829	0.000	0.171	0.000	0.2975065950531743	78
С	HOLD=0	1308	30	19	0.9597	0.8291	0.9597	5.8532	5.2225	5.5530	0.9597	0.978	0.000	0.022	0.000	0.483893460580508	79
И	HOLD=0	1308	0.978	0.336	0.966	-0.036	0.118	0.002	0.991	2.538	0.958	1.40e-18	8.25e-22	8
С	HOLD=0	1309	10	0	0.9339	0.6770	0.9339	5.9153	5.7825	5.7997	0.9339	0.868	0.000	0.118	0.014	0.575064233051939	86
С	HOLD=0	1309	10	1	0.8375	0.6784	0.8375	6.6781	4.9783	5.0006	0.8375	0.992	0.004	0.005	0.000	0.31603425657308803	86
С	HOLD=0	1309	10	2	0.7804	0.5724	0.7804	6.3774	4.2819	4.3261	0.7221	0.121	0.196	0.174	0.509	0.6339893550006794	85
С	HOLD=0	1309	10	3	0.8634	0.7606	0.8634	6.6949	4.7459	4.7776	0.8634	0.999	0.000	0.001	0.000	0.6007541272470283	83
С	HOLD=0	1310	10	0	1.0008	0.8155	1.0008	5.9361	4.8112	4.8259	1.0008	0.991	0.000	0.009	0.000	0.9431417441349479	84
С	HOLD=0	1309	10	4	1.0196	0.6475	1.0196	6.2818	4.3564	4.3981	1.0196	0.972	0.000	0.000	0.028	0.4618566613726171	83
С	HOLD=0	1309	10	5	0.8643	0.6235	0.8643	4.7796	3.9199	3.9588	0.8643	1.000	0.000	0.000	0.000	0.5834299987100988	82
С	HOLD=0	1310	10	1	1.3171	0.7677	1.0806	7.8733	6.3578	6.3737	1.0806	0.030	0.390	0.578	0.002	0.8548883619454801	85
С	HOLD=0	1310	10	2	1.3301	0.7927	1.3301	5.4205	4.3003	4.3154	1.3301	0.000	1.000	0.000	0.000	0.4232785798175401	85
С	HOLD=0	1309	10	6	0.8332	0.5969	0.8332	5.3576	4.5432	4.5665	0.8332	0.998	0.000	0.002	0.000	1.0480657505884114	85
С	HOLD=0	1310	10	3	0.9943	0.9016	0.9958	4.3968	4.1580	4.1675	0.9958	0.000	0.997	0.003	0.000	0.45487341380690105	87
С	HOLD=0	1309	10	7	0.7490	0.6156	0.7490	5.0509	4.8548	4.8764	0.7490	1.000	0.000	0.000	0.000	0.6477055165462284	85
С	HOLD=0	1311	10	0	0.9079	0.8021	0.9079	4.5736	4.5094	4.5539	0.9079	0.621	0.000	0.379	0.000	1.0022463379334252	87
С	HOLD=0	1311	10	1	0.9861	0.8434	0.9902	4.9491	4.9103	4.9463	0.9902	0.824	0.016	0.160	0.000	0.3449005847108718	86
С	HOLD=0	1309	10	8	0.7070	0.3910	0.7070	5.1663	4.2391	4.2614	0.7070	1.000	0.000	0.000	0.000	0.6467063923854841	85
С	HOLD=0	1310	10	4	1.0074	0.7996	0.9832	4.2061	4.1087	4.1240	0.9832	0.116	0.275	0.416	0.193	0.7551765377604577	84
С	HOLD=0	1311	10	2	0.9600	0.8050	0.9600	4.6777	4.6060	4.6561	0.9600	0.990	0.006	0.004	0.001	0.4767411749754453	86
С	HOLD=0	1312	10	0	0.9774	0.8029	0.9775	6.7034	4.9021	6.6617	0.9775	0.673	0.003	0.323	0.000	0.7169667451635128	83
С	HOLD=0	1309	10	9	0.7850	0.4046	0.7850	5.1423	3.8617	3.8850	0.7850	1.000	0.000	0.000	0.000	0.1825038057045989	85
С	HOLD=0	1311	10	3	0.9897	0.7863	0.9898	4.4750	4.3141	4.4538	0.9898	0.996	0.003	0.001	0.000	0.6345313436248666	85
С	HOLD=0	1309	10	10	0.9903	0.5678	0.9903	4.4774	4.2688	4.2980	0.9903	0.992	0.008	0.000	0.000	0.5615249694018329	86
С	HOLD=0	1310	10	5	0.9113	0.8137	0.9113	4.6250	4.4824	4.4974	0.9113	0.000	1.000	0.000	0.000	0.698703055420882	84
С	HOLD=0	1312	10	1	0.9323	0.7956	0.9323	5.8204	4.2210	5.7945	0.9324	0.943	0.006	0.040	0.011	0.75965028172947	85
С	HOLD=0	1311	10	4	0.9793	0.7485	0.9788	4.2774	4.1505	4.2487	0.9788	0.763	0.034	0.203	0.000	0.8248052328504848	85
С	HOLD=0	1309	10	11	0.9923	0.6735	0.9923	4.8091	4.5588	4.5878	0.9923	0.963	0.004	0.033	0.001	0.3512977582129162	85
С	HOLD=0	1312	10	2	0.9437	0.8392	0.9437	5.8748	4.7910	5.8362	0.9437	1.000	0.000	0.000	0.000	0.40484764331675394	85
С	HOLD=0	1310	10	6	0.9591	0.7815	0.9591	4.6890	4.6375	4.6515	0.9591	0.921	0.000	0.079	0.000	0.48282200497906796	84
С	HOLD=0	1310	10	7	1.2492	0.7768	1.2492	4.3130	3.9227	3.9526	1.2492	0.018	0.513	0.469	0.000	0.5634231166179846	80
С	HOLD=0	1311	10	5	0.9929	0.7567	0.9929	4.5132	4.3889	4.4840	0.9929	1.000	0.000	0.000	0.000	0.6527671502257845	86
С	HOLD=0	1309	10	12	0.9574	0.7505	0.9574	5.0552	4.5019	4.5305	0.9574	1.000	0.000	0.000	0.000	0.6571838239234897	86
С	HOLD=0	1312	10	3	0.9825	0.8260	0.9825	6.9651	5.8800	6.7831	0.9825	1.000	0.000	0.000	0.000	0.6032343088546487	79
С	HOLD=0	1311	10	6	0.9848	0.7634	0.9843	4.4286	4.3132	4.4077	0.9843	0.871	0.053	0.055	0.021	0.5353145725631844	86
С	HOLD=0	1309	10	13	0.8757	0.6980	0.8761	5.7569	5.7330	5.7484	0.8761	0.727	0.174	0.099	0.000	0.3517469993198725	85
С	HOLD=0	1310	10	8	0.9521	0.7717	0.9521	4.3485	3.7781	3.7918	0.9521	1.000	0.000	0.000	0.000	0.31911967290647975	83
С	HOLD=0	1309	10	14	0.7661	0.6768	0.7661	4.9042	3.9586	3.9864	0.7661	1.000	0.000	0.000	0.000	0.7586684123912505	84
С	HOLD=0	1311	10	7	1.0211	0.8216	1.0211	4.3011	4.1907	4.2787	1.0211	0.900	0.096	0.004	0.000	0.8252466749500785	87
С	HOLD=0	1310	10	9	1.1457	0.7822	1.1490	4.1857	3.5717	3.5835	1.1490	0.001	0.922	0.077	0.000	0.3952900174844998	85
С	HOLD=0	1312	10	4	0.9667	0.8100	0.9669	6.7527	5.4671	6.5703	0.9669	0.767	0.000	0.226	0.006	0.7507767422119799	80
С	HOLD=0	1311	10	8	0.9980	0.7731	0.9980	4.1373	4.0647	4.0799	1.0016	0.987	0.010	0.002	0.001	0.7155005890525777	85
С	HOLD=0	1309	10	15	0.8188	0.6674	0.8151	5.0554	4.0328	4.0661	0.8151	0.076	0.302	0.621	0.001	1.296719899445716	84
С	HOLD=0	1312	10	5	1.0092	0.8601	1.0092	7.7003	5.7828	7.5440	1.0092	1.000	0.000	0.000	0.000	0.5601006909617371	83
С	HOLD=0	1310	10	10	1.0328	0.8254	1.0342	4.3125	4.1165	4.1574	1.0342	0.335	0.373	0.039	0.253	0.6265500437669101	85
С	HOLD=0	1309	10	16	0.7668	0.6912	0.7668	4.3396	4.0815	4.1145	0.7668	1.000	0.000	0.000	0.000	0.4731915189315147	81
С	HOLD=0	1312	10	6	0.9798	0.8169	0.9799	7.3029	4.9891	7.1509	0.9799	0.783	0.084	0.133	0.001	0.34696854346155653	85
С	HOLD=0	1311	10	9	0.9723	0.7924	0.9721	4.2193	4.0567	4.0753	0.9721	0.894	0.082	0.023	0.001	1.5582112183715158	87
С	HOLD=0	1309	10	17	1.0648	0.7522	1.0648	3.8720	3.3132	3.3831	1.0648	1.000	0.000	0.000	0.000	0.869909499865111	82
С	HOLD=0	1312	10	7	0.9635	0.7986	0.9635	6.4441	5.8967	6.2431	0.9635	0.829	0.000	0.171	0.000	0.8687461026649074	84
С	HOLD=0	1310	10	11	0.9955	0.7852	0.9884	5.7330	4.8255	4.9400	0.9884	0.031	0.255	0.522	0.193	0.7467389319396026	85
С	HOLD=0	1312	10	8	1.0149	0.8167	1.0149	5.6306	4.8561	5.4532	1.0149	0.880	0.118	0.002	0.000	0.7270741788501888	81
С	HOLD=0	1309	10	18	0.7988	0.6551	0.7988	4.0795	3.2540	3.3034	0.7988	0.991	0.002	0.007	0.000	0.43528998458306095	83
С	HOLD=0	1311	10	10	0.9759	0.8085	0.9759	4.2607	3.9249	3.9308	0.9759	0.955	0.033	0.012	0.000	0.4505604717950737	87
С	HOLD=0	1312	10	9	1.1410	0.7863	1.1410	6.4128	5.4072	6.2340	1.1410	0.000	1.000	0.000	0.000	0.13817049250812777	82
С	HOLD=0	1310	10	12	0.9818	0.8100	0.9818	6.8592	5.6378	5.6914	0.9818	1.000	0.000	0.000	0.000	0.3045177536438522	84
С	HOLD=0	1311	10	11	0.9033	0.8106	0.9033	7.6597	6.3981	6.4402	0.9033	0.828	0.000	0.067	0.104	0.6409589316545103	87
С	HOLD=0	1309	10	19	1.0098	0.7458	1.0098	4.3818	3.4020	3.4107	1.0098	1.000	0.000	0.000	0.000	0.6801271332944282	85
С	HOLD=0	1312	10	10	1.1006	0.7862	1.1006	6.6889	5.3985	6.6848	1.1006	0.000	1.000	0.000	0.000	0.9785132632813731	82
С	HOLD=0	1310	10	13	1.0466	0.8666	1.0466	7.0313	5.9388	6.0188	1.0466	1.000	0.000	0.000	0.000	0.7431160061496624	84
С	HOLD=0	1312	10	11	0.9759	0.7895	0.9755	7.2540	5.9176	7.2440	0.9755	0.577	0.001	0.360	0.062	0.3962670819191137	82
С	HOLD=0	1309	30	0	0.9465	0.7067	0.9465	5.9499	3.5823	3.6046	0.9465	0.948	0.000	0.052	0.000	0.5965485625489371	86
С	HOLD=0	1310	10	14	1.0089	0.8445	1.0089	6.3773	4.9657	5.0065	1.0089	0.939	0.000	0.061	0.000	0.40232901003490845	81
С	HOLD=0	1312	10	12	1.0694	0.7914	1.0694	6.5172	4.9620	6.4988	1.0694	0.000	1.000	0.000	0.000	0.3562481083812762	81
С	HOLD=0	1311	10	12	0.9578	0.8304	0.9578	4.9628	4.8598	4.9354	0.9578	0.870	0.123	0.006	0.000	0.9169370662113309	86
С	HOLD=0	1309	30	1	0.9542	0.7186	0.9541	5.8571	5.2080	5.2320	0.9541	0.978	0.000	0.022	0.000	0.6150122092345738	85
С	HOLD=0	1312	10	13	1.4922	0.8108	1.4922	6.9520	4.9892	6.9281	1.4922	0.000	1.000	0.000	0.000	0.3549840655038234	81
С	HOLD=0	1310	10	15	0.9538	0.7893	0.9538	6.0563	4.8990	4.9549	0.9538	1.000	0.000	0.000	0.000	0.4104463899489439	85
С	HOLD=0	1312	10	14	0.9891	0.7972	0.9838	7.7573	5.9709	7.6791	0.9838	0.743	0.000	0.125	0.132	0.7164827240180145	84
С	HOLD=0	1309	30	2	0.9810	0.7316	0.9810	4.5870	4.5523	4.5848	0.9810	1.000	0.000	0.000	0.000	0.5695606836775559	87
С	HOLD=0	1311	10	13	0.9583	0.8303	0.9583	4.7499	4.6597	4.7480	0.9583	0.870	0.000	0.004	0.126	0.4632537381941149	87
С	HOLD=0	1312	10	15	1.0003	0.8051	1.0003	8.4638	6.2766	8.4021	1.0003	1.000	0.000	0.000	0.000	0.7962722894883154	82
С	HOLD=0	1310	10	16	0.9524	0.8532	0.9523	5.7564	4.8821	4.9413	0.9523	0.840	0.129	0.031	0.000	0.7146707532749784	85
С	HOLD=0	1311	10	14	1.0843	0.8407	1.0703	4.2396	4.1508	4.2369	1.0703	0.019	0.356	0.603	0.022	0.25897417184021204	85
С	HOLD=0	1309	30	3	0.9939	0.7296	0.9941	4.7622	4.7298	4.7604	0.9941	0.999	0.000	0.001	0.000	0.5353179858054379	85
С	HOLD=0	1310	10	17	1.0005	0.8330	1.0005	5.8289	4.7077	4.8203	1.0005	1.000	0.000	0.000	0.000	0.36961053465872656	84
С	HOLD=0	1312	10	16	1.2833	0.8190	1.2833	10.2700	8.3796	10.2479	1.2833	0.000	1.000	0.000	0.000	0.7231425995956016	84
С	HOLD=0	1309	30	4	0.8735	0.6792	0.8735	4.0222	3.7240	3.7842	0.8735	1.000	0.000	0.000	0.000	0.8398295775967208	84
С	HOLD=0	1311	10	15	0.9706	0.8109	0.9706	4.6598	4.4005	4.4776	0.9706	1.000	0.000	0.000	0.000	0.6880352436738616	85
С	HOLD=0	1310	10	18	1.2638	0.8204	1.1206	6.3153	4.7552	4.9138	1.1206	0.000	0.600	0.400	0.000	0.5929999223723134	85
С	HOLD=0	1312	10	17	0.9636	0.7922	0.9635	11.8006	10.1400	11.7724	0.9635	0.648	0.059	0.293	0.000	0.8089460697172232	83
С	HOLD=0	1309	30	5	0.8601	0.6537	0.8601	4.3882	3.7086	3.7161	0.8599	0.984	0.002	0.014	0.000	0.6067437714751963	81
С	HOLD=0	1311	10	16	0.9796	0.8201	0.9799	4.7050	4.6328	4.7039	0.9799	0.855	0.091	0.054	0.001	0.3212290089430162	84
С	HOLD=0	1312	10	18	0.9955	0.8199	0.9955	12.0824	10.0058	12.0564	0.9955	0.857	0.056	0.027	0.061	0.7548006320251847	82
С	HOLD=0	1309	30	6	0.9190	0.6969	0.9190	4.5713	4.1007	4.1427	0.9190	1.000	0.000	0.000	0.000	0.7425837413296953	81
С	HOLD=0	1311	10	17	1.0194	0.8027	1.0189	5.4159	5.3461	5.4151	1.0189	0.923	0.075	0.002	0.000	0.7879728380668455	84
С	HOLD=0	1310	10	19	1.2221	0.8227	1.0887	4.4052	3.5225	3.5597	1.0887	0.034	0.330	0.626	0.010	0.8778024989844003	84
С	HOLD=0	1312	10	19	0.9681	0.8179	0.9680	11.9027	10.0015	11.8752	0.9680	0.448	0.086	0.361	0.106	0.5497991842696858	84
С	HOLD=0	1309	30	7	0.8340	0.5846	0.8340	5.0739	4.3601	4.4040	0.8340	0.680	0.000	0.320	0.000	0.9639521906489729	82
С	HOLD=0	1310	30	0	1.2128	0.7542	1.1821	4.8820	3.4459	3.4764	1.1740	0.004	0.675	0.248	0.073	0.626003832066698	80
С	HOLD=0	1311	10	18	0.9460	0.7649	0.9460	4.2757	4.1872	4.2662	0.9460	0.906	0.000	0.094	0.000	0.5447755796278511	83
С	HOLD=0	1309	30	8	0.8098	0.3312	0.8098	4.8932	4.5566	4.5957	0.8098	0.000	1.000	0.000	0.000	0.2103513737078913	81
С	HOLD=0	1312	30	0	0.9301	0.8046	0.9309	8.0544	6.3674	8.0232	0.9309	0.720	0.135	0.062	0.083	0.5494092798123621	83
С	HOLD=0	1311	10	19	0.9361	0.7479	0.9361	3.8865	3.7646	3.8700	0.9361	0.912	0.000	0.088	0.000	0.49317573681114174	85
С	HOLD=0	1309	30	9	1.1811	0.7204	1.1811	4.8116	4.5627	4.5912	1.1811	1.000	0.000	0.000	0.000	0.4927655929283384	80
С	HOLD=0	1310	30	1	1.1536	0.8503	1.1737	4.6298	3.2410	3.2700	1.1737	0.005	0.728	0.262	0.005	0.4294007982612475	83
С	HOLD=0	1312	30	1	1.0290	0.8241	1.0290	8.5148	6.5547	8.4998	1.0290	0.000	1.000	0.000	0.000	0.6341980005645627	83
С	HOLD=0	1310	30	2	0.9629	0.7870	0.9629	4.1446	3.0065	3.0164	0.9629	1.000	0.000	0.000	0.000	0.684411713072492	81
С	HOLD=0	1309	30	10	0.8124	0.4537	0.8124	4.9549	4.9213	4.9549	0.8124	1.000	0.000	0.000	0.000	0.2840544624032599	80
С	HOLD=0	1311	30	0	0.9649	0.7825	0.9649	4.6097	4.5244	4.6016	0.9649	0.934	0.000	0.004	0.062	0.8313019821324207	84
С	HOLD=0	1312	30	2	0.9776	0.8051	0.9776	6.3285	5.2622	6.3027	0.9776	0.696	0.075	0.228	0.001	0.5252708362068231	84
С	HOLD=0	1312	30	3	1.6121	0.7715	1.6121	5.2627	4.3921	5.0226	1.6121	0.000	1.000	0.000	0.000	0.5307573177547239	87
С	HOLD=0	1309	30	11	0.7393	0.4416	0.7393	4.8419	3.7447	3.8234	0.7393	1.000	0.000	0.000	0.000	0.34375024499653933	81
С	HOLD=0	1310	30	3	1.4404	0.7295	0.9289	4.3274	2.9895	3.0050	0.9289	0.009	0.340	0.620	0.031	0.36217581492587203	82
С	HOLD=0	1311	30	1	0.9831	0.7821	0.9831	5.0089	4.9466	5.0007	0.9831	1.000	0.000	0.000	0.000	0.6320635043122285	87
С	HOLD=0	1310	30	4	1.0628	0.7566	1.0645	4.0386	3.0294	3.0343	1.0645	1.000	0.000	0.000	0.000	0.3157509936339964	81
С	HOLD=0	1309	30	12	0.6931	0.4436	0.6931	4.6999	4.3720	4.4232	0.6931	1.000	0.000	0.000	0.000	0.6290193465265398	82
С	HOLD=0	1312	30	4	0.8735	0.7418	0.8735	5.2872	4.2289	5.2729	0.8735	0.901	0.000	0.099	0.000	0.3515843245287485	85
С	HOLD=0	1310	30	5	0.9770	0.8730	0.9770	4.5326	3.2005	3.2044	0.9770	0.000	1.000	0.000	0.000	0.3195515515945551	81
С	HOLD=0	1311	30	2	0.9107	0.7615	0.9107	5.6247	5.5524	5.6078	0.9107	0.345	0.001	0.651	0.002	0.5245658923878564	86
С	HOLD=0	1309	30	13	0.5937	0.4372	0.5908	4.7110	4.1928	4.2131	0.5908	0.094	0.042	0.861	0.003	0.7604373309990323	84
С	HOLD=0	1310	30	6	0.9093	0.7701	0.9093	4.4561	3.4336	3.4900	0.8904	0.012	0.343	0.369	0.275	0.33836001064729565	83
С	HOLD=0	1312	30	5	1.2020	0.7614	1.2020	5.4755	4.3847	5.4730	1.2020	0.000	1.000	0.000	0.000	0.5346153365381808	87
С	HOLD=0	1310	30	7	1.1134	1.0031	1.1206	4.6510	2.9205	2.9204	0.9898	0.020	0.426	0.314	0.240	0.5750799592354089	82
С	HOLD=0	1309	30	14	0.9908	0.7021	0.9908	4.5634	3.8976	3.9887	0.9908	1.000	0.000	0.000	0.000	0.5728034990611297	85
С	HOLD=0	1312	30	6	0.9953	0.8069	0.9952	5.7834	4.5496	5.7704	0.9952	0.711	0.141	0.145	0.003	0.5343091102052062	86
С	HOLD=0	1311	30	3	0.9998	0.7917	0.9985	4.7198	4.6431	4.7075	0.9985	0.945	0.000	0.005	0.050	0.7011052555853315	87
С	HOLD=0	1310	30	8	0.9505	0.9797	0.9477	4.4179	4.3225	4.3594	0.9318	0.001	0.958	0.039	0.001	0.6273764617696138	83
С	HOLD=0	1309	30	15	0.9683	0.7414	0.9683	4.6035	4.5142	4.5317	0.9683	1.000	0.000	0.000	0.000	0.6998719141259088	86
С	HOLD=0	1311	30	4	0.9645	0.7904	0.9645	4.6685	4.5932	4.6612	0.9645	0.592	0.000	0.367	0.041	0.5180207652149071	85
С	HOLD=0	1312	30	7	1.0165	0.8323	1.0165	4.7946	4.3391	4.7503	1.0165	0.901	0.000	0.095	0.004	0.7184142968828154	84
С	HOLD=0	1311	30	5	0.9317	0.7621	0.9317	4.0561	3.8462	3.9436	0.9317	1.000	0.000	0.000	0.000	0.6356534666655637	85
С	HOLD=0	1309	30	16	1.0213	0.7828	1.0213	4.6241	4.4177	4.4471	1.0213	1.000	0.000	0.000	0.000	0.3790307296881618	85
С	HOLD=0	1310	30	9	1.9569	0.7268	1.0673	6.4645	6.3721	6.4416	1.1235	0.002	0.559	0.439	0.000	0.4557487059414709	86
С	HOLD=0	1310	30	10	0.9366	0.7808	0.9453	4.3114	3.7067	3.7122	0.9452	0.854	0.002	0.143	0.001	0.5964624918330463	86
С	HOLD=0	1312	30	8	0.9709	0.8140	0.9709	5.6647	4.9054	5.6013	0.9709	1.000	0.000	0.000	0.000	0.3676836938033742	83
С	HOLD=0	1309	30	17	0.9026	0.6185	0.9026	4.8032	4.6086	4.6142	0.9026	0.992	0.005	0.003	0.000	0.4183367990840121	81
С	HOLD=0	1311	30	6	0.9970	0.8112	0.9970	4.5622	4.4881	4.5605	0.9970	1.000	0.000	0.000	0.000	0.4155298727920168	86
С	HOLD=0	1312	30	9	0.9566	0.7904	0.9566	6.0228	5.0982	5.9514	0.9566	1.000	0.000	0.000	0.000	0.4268734176141666	84
С	HOLD=0	1309	30	18	1.0005	0.7267	1.0005	5.3076	4.2762	4.3068	1.0002	1.000	0.000	0.000	0.000	0.45468865733752306	84
С	HOLD=0	1310	30	11	1.0219	0.7660	0.9470	5.1660	4.3249	4.3525	0.9470	0.042	0.349	0.557	0.052	0.2829155653420808	88
С	HOLD=0	1309	30	19	0.8532	0.6074	0.8532	5.2682	4.2823	4.3083	0.8532	1.000	0.000	0.000	0.000	0.5979370377423899	82
И	HOLD=0	1309	0.837	0.031	0.817	0.001	0.010	0.000	1.297	2.372	0.991	6.98e-45	3.39e-128	5
С	HOLD=0	1312	30	10	0.9874	0.7931	0.9874	5.9121	4.9212	5.8812	0.9874	1.000	0.000	0.000	0.000	0.5668281387225785	84
С	HOLD=0	1311	30	7	0.9926	0.8086	0.9926	4.2933	4.2060	4.2914	0.9926	0.996	0.000	0.004	0.000	0.893197318060215	86
С	HOLD=0	1310	30	12	0.9023	0.7675	0.9023	5.5162	3.4578	3.4637	0.9023	1.000	0.000	0.000	0.000	0.5430933949151489	86
С	HOLD=0	1312	30	11	0.9387	0.7925	0.9386	6.3999	5.1669	6.3689	0.9386	0.952	0.012	0.023	0.013	0.47587764298277135	83
С	HOLD=0	1311	30	8	0.9973	0.8166	0.9973	4.5578	4.4826	4.5570	0.9973	0.825	0.000	0.175	0.000	0.6582832685734376	86
С	HOLD=0	1310	30	13	0.9881	0.8090	0.9879	6.1349	3.4638	3.4924	0.9879	0.060	0.388	0.535	0.017	0.6045627113041308	85
С	HOLD=0	1312	30	12	0.9267	0.7750	0.9267	6.8869	5.6029	6.8340	0.9267	0.840	0.000	0.159	0.001	0.3174878242019344	86
С	HOLD=0	1311	30	9	0.9823	0.8237	0.9823	6.7626	4.6531	4.7256	0.9823	0.676	0.000	0.232	0.092	0.5005415601513442	85
С	HOLD=0	1310	30	14	0.9976	0.7970	0.9976	5.9835	3.4596	3.4826	0.9976	1.000	0.000	0.000	0.000	0.3674227788727756	85
С	HOLD=0	1312	30	13	0.9879	0.8004	0.9878	7.2190	5.8140	7.1815	0.9907	0.777	0.028	0.012	0.183	0.6760444986536452	82
С	HOLD=0	1311	30	10	0.9509	0.8282	0.9509	5.3649	5.2812	5.3640	0.9509	0.770	0.000	0.099	0.131	0.6679232519241202	85
С	HOLD=0	1310	30	15	1.0942	0.7972	0.9972	10.5196	3.7110	4.0995	0.9972	0.000	0.835	0.112	0.052	0.836449950048796	84
С	HOLD=0	1311	30	11	0.9944	0.7992	0.9942	4.7909	4.6931	4.7895	0.9942	0.999	0.000	0.000	0.001	0.6209848989389224	86
С	HOLD=0	1312	30	14	0.9799	0.8014	0.9799	9.0261	6.8917	8.9562	0.9799	0.881	0.000	0.119	0.001	0.8979637860536038	83
С	HOLD=0	1310	30	16	0.9697	0.7792	0.9697	4.9396	2.6230	2.7139	0.9697	1.000	0.000	0.000	0.000	0.8523204589791216	84
С	HOLD=0	1312	30	15	0.9666	0.8062	0.9666	6.1433	5.2108	6.0692	0.9666	1.000	0.000	0.000	0.000	0.7019384155550906	85
С	HOLD=0	1311	30	12	1.0035	0.7894	1.0035	4.6299	4.4990	4.6271	1.0035	1.000	0.000	0.000	0.000	0.7972017678985922	86
С	HOLD=0	1310	30	17	2.2173	0.7491	2.2173	5.3686	3.7403	3.8789	2.2173	0.000	1.000	0.000	0.000	0.5442579831727924	87
С	HOLD=0	1312	30	16	1.0062	0.8274	1.0062	6.8304	5.4056	6.7353	1.0062	0.999	0.001	0.000	0.000	0.7403948670514783	86
С	HOLD=0	1311	30	13	0.9710	0.7520	0.9710	4.5637	4.4353	4.5575	0.9710	0.558	0.000	0.238	0.205	0.40862412595199343	83
С	HOLD=0	1312	30	17	0.9981	0.7940	0.9988	6.5255	5.0442	6.4136	0.9988	0.837	0.054	0.073	0.036	0.5075979306268756	84
С	HOLD=0	1310	30	18	1.9443	1.0598	1.5463	6.6351	6.4586	6.5989	1.3312	0.000	0.643	0.090	0.267	2.512545179184263	88
С	HOLD=0	1311	30	14	0.9826	0.7710	0.9825	5.0303	4.9040	5.0284	0.9825	0.679	0.005	0.133	0.183	0.9779036174211616	85
С	HOLD=0	1312	30	18	0.9780	0.7784	0.9736	7.0949	4.1685	6.9992	0.9625	0.407	0.161	0.149	0.284	0.5875241433939913	82
С	HOLD=0	1310	30	19	0.8973	0.7510	0.8973	4.9851	2.8554	3.3906	0.8973	0.371	0.000	0.629	0.000	0.23348959653925097	82
И	HOLD=0	1310	0.971	0.307	0.847	-0.000	0.088	0.000	2.513	2.385	0.961	1.31e-27	1.23e-27	8
С	HOLD=0	1312	30	19	1.0536	0.7719	1.0600	6.0525	3.9689	5.9389	0.9584	0.225	0.478	0.039	0.258	0.6883503364708995	82
И	HOLD=0	1312	0.948	0.183	0.885	0.006	0.103	0.001	0.979	2.393	0.970	2.84e-27	4.70e-27	8
С	HOLD=0	1311	30	15	0.9482	0.8007	0.9482	4.8156	4.7108	4.8137	0.9482	1.000	0.000	0.000	0.000	0.40907553830325055	87
С	HOLD=0	1311	30	16	1.0941	0.7651	1.0941	5.2183	5.1084	5.2113	1.0941	0.000	1.000	0.000	0.000	0.741047986472181	87
С	HOLD=0	1311	30	17	1.0368	0.8158	1.0368	4.8107	4.6684	4.8002	1.0368	0.931	0.000	0.069	0.000	0.6837506419604144	86
С	HOLD=0	1311	30	18	0.9730	0.7761	0.9726	4.2226	4.1002	4.2183	0.9758	0.796	0.016	0.063	0.125	0.4678949410422391	86
С	HOLD=0	1311	30	19	0.9565	0.7949	0.9565	3.8573	3.5199	3.5447	0.9564	1.000	0.000	0.000	0.000	0.6348801382940188	85
И	HOLD=0	1311	0.951	0.167	0.981	0.001	0.078	0.001	1.558	2.550	0.984	1.82e-22	4.11e-24	8
С	HOLD=1	1303	10	0	0.9506	0.6148	0.9506	6.4393	2.8261	2.9220	0.9506	1.000	0.000	0.000	0.000	0.9051105392375657	82
С	HOLD=1	1302	10	0	0.6179	0.5090	0.6179	5.5104	4.4901	4.5363	0.6179	0.000	1.000	0.000	0.000	0.5591080229978014	81
С	HOLD=1	1303	10	1	0.7981	0.5578	0.7960	4.7376	2.7444	2.9412	0.7960	0.171	0.000	0.080	0.749	1.3334261011534185	81
С	HOLD=1	1303	10	2	0.8342	0.5834	0.8385	4.4724	3.7396	3.8359	0.8385	0.700	0.000	0.300	0.000	1.079557794129568	80
С	HOLD=1	1302	10	1	1.0232	0.3768	1.0237	5.9222	5.0266	5.0713	1.0237	0.818	0.141	0.037	0.003	0.6741566167521382	80
С	HOLD=1	1302	10	2	0.6948	0.5451	0.6948	6.1720	5.0264	5.0697	0.6948	1.000	0.000	0.000	0.000	0.5317164832700116	80
С	HOLD=1	1303	10	3	0.7225	0.4352	0.6101	4.7305	2.8252	2.9315	0.5977	0.001	0.198	0.269	0.532	0.9708806808878391	81
С	HOLD=1	1302	10	3	0.8770	0.3864	0.7432	6.1344	4.4217	4.4770	0.7432	0.013	0.442	0.522	0.023	0.49962897934500833	81
С	HOLD=1	1303	10	4	0.9589	0.7476	0.9589	4.2671	2.4551	2.4388	0.9589	1.000	0.000	0.000	0.000	0.63815588088054	80
С	HOLD=1	1303	10	5	0.8787	0.8349	0.8787	5.0171	2.7095	3.0487	0.8787	1.000	0.000	0.000	0.000	0.9502247520233038	82
С	HOLD=1	1304	10	0	0.9742	0.8003	0.9737	5.9944	5.6381	5.6642	0.9737	0.403	0.591	0.005	0.000	0.7221701240528727	86
С	HOLD=1	1303	10	6	0.9179	0.9541	0.9268	5.5025	5.4854	5.4971	0.9151	0.002	0.388	0.065	0.546	0.7312624882180075	82
С	HOLD=1	1302	10	4	1.0033	0.6789	1.0033	7.3624	5.3852	5.4249	1.0033	1.000	0.000	0.000	0.000	1.5232280036830002	80
С	HOLD=1	1303	10	7	0.9689	0.8746	0.9691	4.4034	4.0836	4.1056	0.9691	0.946	0.000	0.001	0.052	0.7960817850817697	82
С	HOLD=1	1302	10	5	1.2101	0.8282	1.2101	6.9736	5.2719	5.2980	1.2101	1.000	0.000	0.000	0.000	3.531432283642071	81
С	HOLD=1	1304	10	1	0.9956	0.8085	0.9956	6.5331	4.3307	4.3571	0.9956	1.000	0.000	0.000	0.000	1.149481062016838	85
С	HOLD=1	1303	10	8	0.9805	0.7375	0.9800	4.2950	4.1291	4.1714	0.9800	0.608	0.047	0.019	0.326	0.9657994534332491	85
С	HOLD=1	1302	10	6	0.7273	0.4528	0.7281	7.2183	4.8852	4.9170	0.7281	0.966	0.002	0.030	0.002	0.678861014268446	80
С	HOLD=1	1304	10	2	0.9236	0.7969	0.9151	6.6924	4.0666	4.0833	0.9151	0.273	0.416	0.303	0.008	0.8718979381798408	83
С	HOLD=1	1303	10	9	0.9486	0.7816	0.9486	3.9746	3.5736	3.5832	0.9486	1.000	0.000	0.000	0.000	1.0170083735747668	83
С	HOLD=1	1302	10	7	0.9982	0.5119	0.8587	7.8040	5.0225	5.0538	0.8587	0.054	0.052	0.875	0.019	0.5394797716512615	80
С	HOLD=1	1303	10	10	1.0038	0.7552	1.0038	3.8969	3.5034	3.5118	1.0038	0.745	0.000	0.255	0.000	0.6494673188823833	81
С	HOLD=1	1304	10	3	0.9689	0.8020	0.9684	6.5285	4.5002	4.5309	0.9682	0.771	0.073	0.142	0.014	1.0339927940940188	83
С	HOLD=1	1302	10	8	0.8604	0.5226	0.8604	6.3375	4.5080	4.5428	0.8604	0.404	0.000	0.000	0.596	0.5411549757472267	80
С	HOLD=1	1304	10	4	0.8976	0.8063	0.8976	7.1507	6.5841	6.5966	0.8976	1.000	0.000	0.000	0.000	0.7795016690215626	84
С	HOLD=1	1303	10	11	0.8737	0.6665	0.8737	4.3283	4.2520	4.3120	0.8737	1.000	0.000	0.000	0.000	1.175478960295909	83
С	HOLD=1	1302	10	9	1.0148	0.7019	1.0148	9.1660	5.3648	5.3995	1.0148	0.523	0.000	0.000	0.477	0.6714223978132933	80
С	HOLD=1	1303	10	12	1.0382	0.7499	1.0382	4.3790	4.2493	4.3238	1.0382	1.000	0.000	0.000	0.000	1.0189459272247678	85
С	HOLD=1	1302	10	10	0.5552	0.5234	0.5574	7.6027	6.3494	6.3691	0.5038	0.035	0.528	0.055	0.382	0.3980587926779031	81
С	HOLD=1	1304	10	5	0.9603	0.8170	0.9603	6.8274	3.6503	3.6524	0.9603	1.000	0.000	0.000	0.000	0.4942641220108727	85
С	HOLD=1	1303	10	13	0.8400	0.5609	0.8400	5.2721	4.3731	4.4668	0.8400	0.956	0.001	0.041	0.003	0.9503622025872676	85
С	HOLD=1	1302	10	11	0.6996	0.3632	0.6996	8.0852	6.4585	6.4758	0.6996	0.000	1.000	0.000	0.000	0.6056661126760906	81
С	HOLD=1	1304	10	6	0.9805	0.8069	0.9822	5.9315	3.5695	3.5844	0.9822	0.609	0.369	0.016	0.006	0.6804678348085611	85
С	HOLD=1	1303	10	14	1.0318	0.6429	1.0318	5.6259	5.4833	5.5395	1.0318	1.000	0.000	0.000	0.000	0.6087198846626507	83
С	HOLD=1	1302	10	12	0.9276	0.4065	0.9276	8.2594	6.9525	6.9695	0.9276	0.998	0.000	0.002	0.000	0.7470398595380144	80
С	HOLD=1	1304	10	7	1.0412	0.8634	1.0412	6.8304	3.3394	3.3593	1.0412	1.000	0.000	0.000	0.000	0.9474857351526004	86
С	HOLD=1	1303	10	15	0.8499	0.6771	0.8499	4.4037	3.2263	3.2421	0.8499	1.000	0.000	0.000	0.000	0.7486584611598709	80
С	HOLD=1	1302	10	13	0.7054	0.6926	0.7037	7.3509	5.8384	5.9451	0.6445	0.055	0.280	0.597	0.068	1.0941522922401925	82
С	HOLD=1	1303	10	16	0.9662	0.7526	0.9662	4.8600	4.6046	4.6613	0.9662	0.971	0.003	0.025	0.000	0.7820653534146872	82
С	HOLD=1	1302	10	14	1.4507	0.4674	1.4507	6.3944	5.2012	5.2399	1.4507	0.993	0.000	0.007	0.000	17.164620571252623	81
С	HOLD=1	1304	10	8	0.9478	0.8016	0.9487	6.9702	4.2740	4.2608	0.9487	0.689	0.242	0.059	0.010	0.37576355953118773	84
С	HOLD=1	1303	10	17	0.9654	0.6944	0.9654	5.6142	4.2520	4.2891	0.9654	0.686	0.284	0.028	0.002	0.5670435251899635	87
С	HOLD=1	1304	10	9	0.9668	0.7812	0.9673	7.0921	3.7023	3.7076	0.9692	0.776	0.039	0.068	0.117	0.9732601464110973	85
С	HOLD=1	1302	10	15	0.7408	0.2829	0.7289	5.9685	5.9433	5.9681	0.6701	0.005	0.188	0.692	0.116	0.6028370764282476	80
С	HOLD=1	1303	10	18	0.8754	0.7199	0.8754	5.2225	2.8211	2.8890	0.8754	0.862	0.000	0.138	0.000	0.8509558277685193	85
С	HOLD=1	1304	10	10	0.9175	0.7568	0.9199	8.2698	3.1347	3.1397	0.9199	0.666	0.247	0.031	0.057	0.6411490722152777	85
С	HOLD=1	1302	10	16	0.5816	0.4841	0.5818	5.8133	5.7605	5.7834	0.5818	0.186	0.311	0.277	0.226	0.761408370438911	80
С	HOLD=1	1304	10	11	0.9596	0.8068	0.9595	8.6536	3.4865	3.4885	0.9595	0.674	0.298	0.009	0.020	1.181156578785644	87
С	HOLD=1	1304	10	12	0.9742	0.7675	0.9742	8.4334	3.7041	3.7346	0.9742	0.895	0.048	0.058	0.000	0.6121683756353224	86
С	HOLD=1	1302	10	17	0.7381	0.3880	0.7381	5.8511	5.0273	5.0622	0.7381	1.000	0.000	0.000	0.000	0.3869162256229014	81
С	HOLD=1	1303	10	19	0.7244	0.5766	0.7256	5.1299	4.2652	4.2844	0.7257	0.464	0.009	0.523	0.005	0.6969485413871283	88
С	HOLD=1	1302	10	18	0.6628	0.3224	0.6628	5.1158	5.0350	5.0796	0.6628	0.160	0.839	0.001	0.000	0.749591606987415	80
С	HOLD=1	1302	10	19	0.6609	0.4250	0.6042	5.0665	4.8032	4.8548	0.6042	0.021	0.312	0.448	0.220	0.9608601632947231	82
С	HOLD=1	1304	10	13	0.9505	0.7466	0.9505	8.3643	3.2911	3.2961	0.9505	0.942	0.000	0.058	0.000	0.7400259762952467	88
С	HOLD=1	1303	30	0	0.7923	0.5787	0.7921	4.5944	4.5038	4.5172	0.7891	0.314	0.448	0.007	0.231	0.6542203544769463	86
С	HOLD=1	1302	30	0	0.9774	0.5547	0.9774	4.9371	4.9008	4.9367	0.9774	0.992	0.000	0.008	0.000	0.9081603353967126	85
С	HOLD=1	1303	30	1	0.9169	0.6501	0.9169	5.0658	2.9423	3.0102	0.9169	1.000	0.000	0.000	0.000	0.5016999325154473	84
С	HOLD=1	1304	10	14	0.9523	0.7839	0.9523	8.8899	3.6198	3.6273	0.9523	0.819	0.000	0.181	0.000	0.6054637427784758	88
С	HOLD=1	1302	30	1	0.8666	0.6028	0.8666	4.6882	4.6575	4.6878	0.8666	0.948	0.000	0.052	0.000	1.2227773336469177	85
С	HOLD=1	1304	10	15	0.9253	0.7558	0.9253	8.6782	3.9569	3.9801	0.9253	0.849	0.000	0.151	0.000	1.003191679072821	88
С	HOLD=1	1302	30	2	0.9236	0.6217	0.9236	5.5357	5.5067	5.5355	0.9236	1.000	0.000	0.000	0.000	0.8334273872325892	84
С	HOLD=1	1303	30	2	0.7811	0.6806	0.7812	6.0432	4.3611	4.4441	0.7812	0.348	0.000	0.652	0.000	0.593632928431123	80
С	HOLD=1	1302	30	3	1.0259	0.7316	1.0259	5.3637	5.3123	5.3400	1.0259	1.000	0.000	0.000	0.000	0.6539716233350558	84
С	HOLD=1	1304	10	16	0.9669	0.8052	0.9669	9.0577	3.4282	3.4356	0.9669	0.988	0.000	0.011	0.000	0.895556145387006	88
С	HOLD=1	1303	30	3	1.1376	0.7716	1.1376	6.7243	4.3262	4.4045	1.1376	0.937	0.000	0.063	0.000	23.33646124594067	81
С	HOLD=1	1304	10	17	0.9361	0.7728	0.9361	9.5506	3.8846	3.9612	0.9361	0.974	0.000	0.000	0.026	0.9167571151987955	88
С	HOLD=1	1302	30	4	0.8760	0.7410	0.8714	4.9232	4.4988	4.6283	0.8714	0.739	0.200	0.060	0.001	1.0156317455948778	85
С	HOLD=1	1302	30	5	0.9878	0.6679	0.9878	5.8448	5.7467	5.7801	0.9878	0.708	0.280	0.012	0.000	0.4149468285125925	81
С	HOLD=1	1303	30	4	0.9787	0.7359	0.9787	4.2198	4.1167	4.2070	0.9787	1.000	0.000	0.000	0.000	1.1961701066405075	80
С	HOLD=1	1304	10	18	0.9966	0.7917	0.9966	10.2090	3.8843	3.9229	0.9966	0.952	0.001	0.044	0.003	0.8014969279792853	88
С	HOLD=1	1302	30	6	0.8119	0.5674	0.8008	6.2344	6.1236	6.1481	0.8008	0.354	0.309	0.306	0.031	0.773145905788845	84
С	HOLD=1	1303	30	5	0.9650	0.8012	0.9650	4.7359	4.6790	4.7352	0.9650	1.000	0.000	0.000	0.000	0.5174826591900447	82
С	HOLD=1	1303	30	6	1.0051	0.7500	1.0051	4.7621	4.1528	4.3189	1.0051	0.559	0.000	0.441	0.000	0.83723749083014	82
С	HOLD=1	1304	10	19	0.9529	0.7649	0.9529	10.0197	3.4819	3.4760	0.9529	0.975	0.021	0.005	0.000	1.1682577164464079	88
С	HOLD=1	1302	30	7	0.8979	0.6174	0.8974	7.0993	7.0243	7.0459	0.8974	0.721	0.218	0.006	0.055	0.5887314769789239	81
С	HOLD=1	1303	30	7	0.7853	0.4663	0.7853	5.0136	4.9156	5.0129	0.7853	0.000	0.518	0.462	0.019	0.6773348175938935	80
С	HOLD=1	1305	10	0	1.0320	0.8658	1.0333	7.3296	4.7856	4.8129	1.0333	0.728	0.113	0.159	0.001	0.9447884505781325	85
С	HOLD=1	1304	30	0	0.9175	0.7545	0.9175	9.5200	3.4473	3.5143	0.9175	1.000	0.000	0.000	0.000	0.6206296376006668	87
С	HOLD=1	1302	30	8	0.8824	0.6297	0.8767	6.7898	6.0232	6.0379	0.8767	0.779	0.166	0.010	0.045	0.7131526159548555	81
С	HOLD=1	1304	30	1	0.9424	0.7621	0.9424	10.6233	4.3817	4.4167	0.9424	0.956	0.032	0.013	0.000	0.8727591370090729	84
С	HOLD=1	1303	30	8	0.8742	0.5126	0.8742	4.4132	4.2929	4.4010	0.8742	1.000	0.000	0.000	0.000	0.3926071615715969	82
С	HOLD=1	1304	30	2	0.9048	0.7492	0.9048	8.3125	3.6270	3.6490	0.9048	1.000	0.000	0.000	0.000	0.6616284338268784	88
С	HOLD=1	1305	10	1	1.0277	0.8499	1.0334	7.1307	3.5097	3.5326	1.0334	0.906	0.009	0.085	0.000	0.8758490439083751	83
С	HOLD=1	1302	30	9	1.7951	0.8277	1.7951	8.2228	6.4671	6.5010	1.7951	0.743	0.000	0.256	0.000	11786063.831691578	80
С	HOLD=1	1304	30	3	0.8910	0.7392	0.8909	7.9211	4.0769	4.1206	0.8910	0.825	0.002	0.172	0.001	0.7058962767809001	84
С	HOLD=1	1302	30	10	0.8765	0.4553	0.8766	8.6485	5.6702	5.7002	0.8766	0.971	0.029	0.000	0.000	0.9791126693381408	82
С	HOLD=1	1305	10	2	1.0189	0.8383	1.0202	7.4828	3.3887	3.4090	1.0202	0.948	0.019	0.029	0.004	1.0741822945019361	81
С	HOLD=1	1303	30	9	0.9325	0.7295	0.9325	5.0599	4.9828	5.0593	0.9325	0.892	0.000	0.108	0.000	0.917800330266263	80
С	HOLD=1	1302	30	11	0.9781	0.5401	0.9781	7.9016	5.4172	5.4529	0.9781	1.000	0.000	0.000	0.000	0.8965869903001397	81
С	HOLD=1	1305	10	3	1.0047	0.8274	1.0063	9.3303	5.7198	5.7184	1.0063	0.908	0.015	0.067	0.010	0.8871924728989994	82
С	HOLD=1	1303	30	10	1.0552	0.7658	1.0552	4.9693	4.8706	4.9405	1.0552	0.996	0.004	0.000	0.000	1.7776736058078935	86
С	HOLD=1	1304	30	4	0.9878	0.7888	0.9878	10.2507	4.8373	4.8486	0.9878	1.000	0.000	0.000	0.000	0.9089603257935808	85
С	HOLD=1	1303	30	11	0.9186	0.5974	0.9186	4.7418	4.1409	4.7412	0.9186	0.507	0.000	0.493	0.000	0.7334954204469006	81
С	HOLD=1	1302	30	12	0.9116	0.5987	0.9100	6.8183	5.3912	5.4451	0.9112	0.299	0.584	0.012	0.105	0.8613136596559599	81
С	HOLD=1	1305	10	4	1.0069	0.8541	1.0044	10.1055	4.5373	4.5856	1.0044	0.822	0.005	0.130	0.043	0.5960552698676149	81
С	HOLD=1	1302	30	13	0.9328	0.7309	0.9328	6.2488	5.8732	5.9310	0.9328	1.000	0.000	0.000	0.000	0.5221294992244065	83
С	HOLD=1	1304	30	5	0.9279	0.7612	0.9271	11.3342	3.4925	3.5178	0.9271	0.708	0.001	0.290	0.001	1.0389878774884918	88
С	HOLD=1	1305	10	5	1.0197	0.8427	1.0188	11.1163	4.2417	4.2495	1.0188	0.951	0.000	0.043	0.006	0.8263736995702989	84
С	HOLD=1	1303	30	12	0.8653	0.5705	0.8653	5.4373	4.4282	5.4356	0.8653	1.000	0.000	0.000	0.000	1.0074345263610323	84
С	HOLD=1	1304	30	6	0.9719	0.7902	0.9719	11.5178	3.6943	3.7831	0.9719	1.000	0.000	0.000	0.000	0.8263196650515906	87
С	HOLD=1	1302	30	14	0.9673	0.7261	0.9674	6.5199	5.2718	5.3500	0.9674	0.648	0.283	0.057	0.011	0.7806937217140787	81
С	HOLD=1	1305	10	6	0.9950	0.8321	0.9950	9.5552	4.6320	4.6657	0.9950	1.000	0.000	0.000	0.000	0.8931712046779208	84
С	HOLD=1	1303	30	13	1.0174	0.7360	1.0174	5.2951	4.5389	5.2949	1.0174	1.000	0.000	0.000	0.000	0.8165379236363013	85
С	HOLD=1	1302	30	15	0.9475	0.6783	0.9475	5.9785	5.0419	5.1620	0.9475	1.000	0.000	0.000	0.000	0.5772589643959233	82
С	HOLD=1	1305	10	7	0.9782	0.8057	0.9688	9.9687	4.2134	4.2452	0.9688	0.722	0.006	0.037	0.235	0.8071415389300994	84
С	HOLD=1	1304	30	7	0.9476	0.8069	0.9477	9.9425	3.5393	3.6229	0.9209	0.343	0.032	0.625	0.000	1.040630058207217	87
С	HOLD=1	1303	30	14	0.8968	0.7025	0.8968	4.7350	4.6308	4.7337	0.8968	1.000	0.000	0.000	0.000	0.48750773599505626	82
С	HOLD=1	1302	30	16	0.8998	0.7244	0.8998	5.9383	5.6815	5.7757	0.8998	0.999	0.000	0.000	0.001	1.1611224694922186	86
С	HOLD=1	1305	10	8	0.9842	0.7798	0.9673	7.6378	4.8220	4.8926	0.9673	0.646	0.256	0.041	0.058	1.009718849828149	84
С	HOLD=1	1303	30	15	0.9582	0.7892	0.9582	4.0995	2.9563	3.1154	0.9582	0.948	0.000	0.052	0.000	0.5966840136224574	85
С	HOLD=1	1304	30	8	0.9913	0.8383	0.9911	10.5959	4.4544	4.4797	0.9723	0.662	0.010	0.329	0.000	1.2749576634225024	88
С	HOLD=1	1302	30	17	0.9571	0.6887	0.9571	6.1137	5.2880	5.3355	0.9571	0.594	0.396	0.003	0.008	0.7624682376623794	85
С	HOLD=1	1303	30	16	0.9158	0.7179	0.9158	3.4828	3.2964	3.4104	0.9158	1.000	0.000	0.000	0.000	0.9744903770233756	83
С	HOLD=1	1305	10	9	0.9457	0.7776	0.9457	7.7023	3.4907	3.5685	0.9457	1.000	0.000	0.000	0.000	0.9009080632654849	84
С	HOLD=1	1302	30	18	0.9171	0.6979	0.9171	7.0256	5.3574	5.4259	0.9171	1.000	0.000	0.000	0.000	0.6089267893469907	84
С	HOLD=1	1304	30	9	0.9484	0.7817	0.9484	11.5814	4.3567	4.3940	0.9484	0.815	0.000	0.185	0.000	0.7453448252462114	84
С	HOLD=1	1303	30	17	0.8151	0.6655	0.8151	3.9344	3.8506	3.9314	0.8151	0.916	0.000	0.000	0.084	0.6103534160815963	84
С	HOLD=1	1304	30	10	0.9621	0.7895	0.9621	10.0950	5.8421	5.8564	0.9621	1.000	0.000	0.000	0.000	0.8630317761715885	88
С	HOLD=1	1305	10	10	0.9526	0.7811	0.9526	7.8236	3.0541	3.1602	0.9526	1.000	0.000	0.000	0.000	0.8964829476729582	84
С	HOLD=1	1303	30	18	0.9134	0.6190	0.9134	4.0695	4.0133	4.0668	0.9134	1.000	0.000	0.000	0.000	1.6086047745652758	84
С	HOLD=1	1302	30	19	1.0220	0.8404	1.0220	6.7268	5.4122	5.4723	1.0220	1.000	0.000	0.000	0.000	0.9230184697268536	88
И	HOLD=1	1302	0.698	-458.442	0.864	-2258091691938732.500	0.148	0.101	11786063.832	2.324	0.984	4.41e-1	4.52e-2	8
С	HOLD=1	1305	10	11	0.9574	0.7879	0.9573	8.9395	3.0970	3.1429	0.9573	0.776	0.025	0.198	0.000	0.7617156082143404	81
С	HOLD=1	1304	30	11	0.9964	0.8201	0.9969	9.2853	3.9082	4.0097	0.9923	0.756	0.017	0.227	0.000	0.7005055836861158	86
С	HOLD=1	1303	30	19	0.9527	0.6821	0.9527	5.2037	4.9640	4.9865	0.9527	1.000	0.000	0.000	0.000	0.5723239922214834	84
И	HOLD=1	1303	0.617	0.249	0.664	-1701.217	0.485	0.050	23.336	2.316	0.996	1.05e-6	2.31e-7	8
С	HOLD=1	1305	10	12	0.9480	0.8300	0.9488	8.5136	3.0304	3.0412	0.9488	0.938	0.007	0.055	0.000	0.6646435489167626	81
С	HOLD=1	1304	30	12	0.9850	0.8209	0.9850	10.8172	5.8622	5.8715	0.9850	0.999	0.000	0.000	0.000	1.0823247503937055	88
С	HOLD=1	1305	10	13	0.9759	0.7825	0.9696	6.4658	3.2180	3.4387	0.9696	0.924	0.056	0.019	0.000	0.5103987456175262	80
С	HOLD=1	1304	30	13	0.9852	0.7880	0.9852	11.8568	3.7391	3.7997	0.9852	1.000	0.000	0.000	0.000	0.6363806635774887	88
С	HOLD=1	1305	10	14	0.9479	0.7752	0.9479	7.0626	3.6244	4.3049	0.9479	1.000	0.000	0.000	0.000	0.8500835951577255	81
С	HOLD=1	1305	10	15	0.9324	0.7775	0.9324	5.2835	3.8016	4.2422	0.9324	1.000	0.000	0.000	0.000	0.6017655641052454	81
С	HOLD=1	1304	30	14	0.9668	0.8131	0.9668	11.2817	3.4682	3.4969	0.9668	0.882	0.000	0.118	0.000	0.7290198597137063	84
С	HOLD=1	1305	10	16	0.9618	0.7876	0.9533	5.1179	4.2080	4.4055	0.9533	0.563	0.398	0.038	0.000	0.9909036980646296	81
С	HOLD=1	1304	30	15	0.9819	0.8019	0.9819	10.8654	4.6677	4.7083	0.9819	1.000	0.000	0.000	0.000	0.725090860990085	87
С	HOLD=1	1304	30	16	0.9338	0.7969	0.9338	13.0220	3.9479	4.0333	0.9338	0.463	0.000	0.537	0.000	0.5681554061491363	87
С	HOLD=1	1305	10	17	1.0026	0.8044	1.0026	5.6671	3.9025	4.0418	1.0026	1.000	0.000	0.000	0.000	0.9671583309785678	79
С	HOLD=1	1304	30	17	0.9044	0.7757	0.9044	11.1878	4.9463	5.0381	0.9044	0.999	0.000	0.001	0.000	1.0163719949085377	87
С	HOLD=1	1305	10	18	0.9700	0.8257	0.9667	7.1831	3.5697	3.5555	0.9667	0.865	0.065	0.069	0.001	0.658449091353154	80
С	HOLD=1	1304	30	18	0.9164	0.7737	0.9164	11.6185	3.6627	3.7694	0.9164	0.422	0.000	0.578	0.000	0.7831190195791927	82
С	HOLD=1	1305	10	19	0.9840	0.8011	0.9840	5.7126	3.8656	3.9141	0.9840	1.000	0.000	0.000	0.000	0.9068152585933595	81
С	HOLD=1	1305	30	0	0.9613	0.7991	0.9613	4.6845	3.4057	3.4280	0.9613	1.000	0.000	0.000	0.000	0.6985647640363737	80
С	HOLD=1	1304	30	19	1.1828	0.9538	1.1828	13.0284	4.5849	4.6705	1.1828	1.000	0.000	0.000	0.000	66.44589869166391	83
И	HOLD=1	1304	0.975	0.600	0.838	-12431.300	0.586	0.255	66.446	2.127	0.974	Infinity	7.37e-1	4
С	HOLD=1	1305	30	1	0.9590	0.8018	0.9596	4.7336	3.6237	3.6333	0.9596	0.593	0.000	0.407	0.000	0.7689176667442013	84
С	HOLD=1	1305	30	2	0.9624	0.8023	0.9624	4.9926	4.8629	4.8907	0.9624	0.446	0.000	0.554	0.000	0.7759792396295273	85
С	HOLD=1	1305	30	3	0.9703	0.8010	0.9702	5.2588	4.1686	4.1854	0.9700	0.743	0.085	0.164	0.008	0.5473045242004653	84
С	HOLD=1	1305	30	4	0.9876	0.8031	0.9876	4.7026	4.3567	4.3859	0.9876	1.000	0.000	0.000	0.000	0.6960779134513593	83
С	HOLD=1	1305	30	5	0.9783	0.7973	0.9783	5.6524	4.7755	4.8220	0.9783	0.977	0.000	0.023	0.000	1.012640267451774	85
С	HOLD=1	1305	30	6	0.9609	0.7921	0.9615	5.3125	5.0887	5.1053	0.9615	1.000	0.000	0.000	0.000	0.827844731836027	84
С	HOLD=1	1305	30	7	0.9614	0.7931	0.9614	4.9693	4.7374	4.7589	0.9614	0.637	0.000	0.354	0.009	0.40766275215912995	85
С	HOLD=1	1305	30	8	0.9688	0.7960	0.9653	6.5247	6.2633	6.2772	0.9653	0.429	0.039	0.532	0.000	0.5497822809432084	84
С	HOLD=1	1305	30	9	1.0209	0.8183	1.0209	5.9983	5.6369	5.6509	1.0209	1.000	0.000	0.000	0.000	1.0143312987143627	84
С	HOLD=1	1307	10	0	0.9564	0.7176	0.9564	4.9497	4.2348	4.2929	0.9564	0.681	0.313	0.001	0.005	1.0475304760238682	84
С	HOLD=1	1305	30	10	0.9844	0.8101	0.9845	5.4938	3.8803	3.9190	0.9845	0.397	0.009	0.594	0.000	0.8891580029918479	85
С	HOLD=1	1307	10	1	0.9966	0.7845	0.9966	6.3958	4.2766	4.3209	0.9966	1.000	0.000	0.000	0.000	0.7560131316390369	84
С	HOLD=1	1305	30	11	1.0199	0.8170	1.0208	6.3105	4.6185	4.6443	1.0208	0.361	0.085	0.548	0.006	1.1256183030967373	85
С	HOLD=1	1305	30	12	0.9691	0.7909	0.9710	7.2664	3.8216	3.8535	0.9710	0.949	0.004	0.047	0.000	0.8569261709064977	84
С	HOLD=1	1307	10	2	0.8969	0.6756	0.8969	4.7565	4.6782	4.7564	0.8969	1.000	0.000	0.000	0.000	1.2247801640985687	84
С	HOLD=1	1307	10	3	0.7699	0.5813	0.7699	4.8730	4.1214	4.2069	0.7699	1.000	0.000	0.000	0.000	1.2573274428480803	80
С	HOLD=1	1305	30	13	0.9788	0.8082	0.9824	5.9207	4.1045	4.1274	0.9824	0.895	0.010	0.095	0.000	0.6860658873385039	85
С	HOLD=1	1307	10	4	0.9970	0.7174	0.9970	5.1884	5.1206	5.1858	0.9970	0.999	0.001	0.000	0.000	1.1014104923452799	83
С	HOLD=1	1307	10	5	0.9503	0.7797	0.9503	6.0664	5.9970	6.0536	0.9503	1.000	0.000	0.000	0.000	0.8749128112836968	82
С	HOLD=1	1305	30	14	0.9791	0.7988	0.9792	6.2456	4.7206	4.7205	0.9792	0.661	0.003	0.336	0.000	0.8789688906415055	84
С	HOLD=1	1307	10	6	1.1166	0.6991	1.1166	5.5259	4.9246	4.9898	1.1166	0.068	0.853	0.013	0.066	0.8897809830605123	83
С	HOLD=1	1305	30	15	0.9864	0.7940	0.9864	6.5309	6.4297	6.4423	0.9864	1.000	0.000	0.000	0.000	1.114023965622928	85
С	HOLD=1	1307	10	7	0.9600	0.7353	0.9600	5.1307	4.6850	4.8023	0.9600	1.000	0.000	0.000	0.000	1.0737654958476412	84
С	HOLD=1	1305	30	16	0.9614	0.7933	0.9664	6.7552	6.6662	6.6728	0.9664	0.722	0.066	0.212	0.001	0.5719684320613021	85
С	HOLD=1	1307	10	8	0.9829	0.7927	0.9829	6.9334	6.7416	6.7725	0.9829	1.000	0.000	0.000	0.000	0.7588671802270497	82
С	HOLD=1	1308	10	0	0.9783	0.8076	0.9783	4.2235	3.0958	3.0959	0.9783	1.000	0.000	0.000	0.000	0.6985517251269444	79
С	HOLD=1	1307	10	9	0.9330	0.7430	0.9330	5.8036	5.5696	5.6256	0.9330	0.999	0.001	0.000	0.000	0.945770539446165	83
С	HOLD=1	1305	30	17	0.9800	0.8036	0.9864	5.6103	5.4985	5.5291	0.9864	0.998	0.002	0.000	0.000	0.8483914181249173	85
С	HOLD=1	1307	10	10	0.9754	0.7546	0.9754	5.7992	5.5506	5.5811	0.9754	1.000	0.000	0.000	0.000	0.9571269098866855	82
С	HOLD=1	1308	10	1	0.9713	0.8068	0.9713	6.1782	6.0405	6.1484	0.9713	0.456	0.000	0.544	0.000	0.589984788555637	76
С	HOLD=1	1307	10	11	0.9068	0.7791	0.9061	5.3832	4.3690	4.4383	0.9061	0.467	0.134	0.363	0.036	0.6617993161753509	82
С	HOLD=1	1305	30	18	0.9869	0.8113	0.9869	5.6204	4.8821	4.9139	0.9869	1.000	0.000	0.000	0.000	0.8159815631131544	88
С	HOLD=1	1308	10	2	1.0207	0.7887	1.0207	4.3336	2.9697	3.0941	1.0207	0.000	0.000	0.000	1.000	0.8888754843351994	78
С	HOLD=1	1307	10	12	0.9303	0.7830	0.9303	5.4012	4.0507	4.1679	0.9303	0.998	0.000	0.002	0.000	0.5387078327048037	85
С	HOLD=1	1305	30	19	0.9891	0.8157	0.9891	6.1266	4.7979	4.7995	0.9891	1.000	0.000	0.000	0.000	0.8462002898276761	84
И	HOLD=1	1305	0.992	0.955	0.943	-0.732	0.749	0.367	1.126	2.507	0.994	1.80e-2	2.48e-2	8
С	HOLD=1	1307	10	13	0.8727	0.7396	0.8727	5.6548	4.4747	4.5403	0.8727	1.000	0.000	0.000	0.000	1.0693104203043675	88
С	HOLD=1	1307	10	14	0.9049	0.7730	0.9049	5.2287	3.8944	3.9604	0.9049	1.000	0.000	0.000	0.000	1.0281244167425816	85
С	HOLD=1	1308	10	3	0.9367	0.7659	0.9368	4.1495	3.0236	3.0628	0.9368	0.250	0.000	0.749	0.000	0.6074189864976393	78
С	HOLD=1	1308	10	4	0.9488	0.7615	0.9487	4.0833	3.0825	3.1261	0.9487	0.157	0.567	0.155	0.122	0.8071783255329815	77
С	HOLD=1	1307	10	15	0.9897	0.8239	0.9920	5.1154	4.1257	4.1519	0.9920	1.000	0.000	0.000	0.000	0.7210141183117874	78
С	HOLD=1	1307	10	16	0.9558	0.7918	0.9558	5.0357	4.4589	4.5009	0.9558	1.000	0.000	0.000	0.000	0.7860589767024992	82
С	HOLD=1	1308	10	5	0.9763	0.7400	0.9763	4.4201	3.0566	3.0999	0.9763	0.368	0.630	0.001	0.000	0.6727778231305859	78
С	HOLD=1	1308	10	6	1.0800	0.6240	1.0802	4.4561	2.8487	2.8675	1.0802	0.716	0.022	0.261	0.000	0.8106233457582573	77
С	HOLD=1	1307	10	17	1.0004	0.8022	1.0004	5.6096	4.2489	4.2785	1.0004	1.000	0.000	0.000	0.000	1.046907127916742	86
С	HOLD=1	1308	10	7	1.1837	0.6536	1.0610	4.3186	2.8575	2.9014	1.0610	0.904	0.081	0.015	0.000	1.0993568464146177	80
С	HOLD=1	1308	10	8	1.1027	0.6066	0.8762	4.1710	2.8813	2.9288	0.8762	0.928	0.009	0.062	0.000	1.0914643372548256	80
С	HOLD=1	1307	10	18	0.9750	0.7953	0.9750	5.5979	4.1879	4.2242	0.9750	1.000	0.000	0.000	0.000	1.0854413511836734	85
С	HOLD=1	1308	10	9	1.0443	0.6494	1.0443	4.2134	2.8616	2.9042	1.0443	1.000	0.000	0.000	0.000	0.7172358259141539	81
С	HOLD=1	1307	10	19	1.0137	0.7906	1.0137	6.2060	4.5982	4.6457	1.0137	0.996	0.000	0.000	0.004	0.8644720003962229	81
С	HOLD=1	1307	30	0	0.9810	0.7962	0.9820	5.1472	3.8522	3.8819	0.9820	0.807	0.008	0.011	0.174	0.6714639622787478	82
С	HOLD=1	1308	10	10	0.8540	0.4949	0.8540	4.2237	2.7562	2.8038	0.8540	1.000	0.000	0.000	0.000	0.8480272539266894	80
С	HOLD=1	1307	30	1	0.9424	0.7582	0.9424	5.4955	4.3244	4.4171	0.9424	0.145	0.855	0.000	0.000	0.8466035811720081	82
С	HOLD=1	1308	10	11	0.8180	0.4727	0.8180	4.1684	2.8418	2.8767	0.8180	1.000	0.000	0.000	0.000	0.8042493764977913	78
С	HOLD=1	1307	30	2	0.9460	0.7657	0.9460	5.0549	3.5262	3.5718	0.9460	0.572	0.000	0.000	0.428	0.5702231232991978	78
С	HOLD=1	1308	10	12	0.7826	0.5586	0.7826	4.7339	2.8485	2.8865	0.7826	1.000	0.000	0.000	0.000	0.6991540706146435	78
С	HOLD=1	1307	30	3	0.9808	0.7930	0.9808	5.7766	4.1719	4.1977	0.9808	1.000	0.000	0.000	0.000	0.9880038701205359	81
С	HOLD=1	1308	10	13	0.8778	0.8038	0.8778	4.2614	2.6492	2.6792	0.8778	0.998	0.002	0.000	0.000	0.8075021235558622	82
С	HOLD=1	1308	10	14	1.1991	0.7631	1.1993	4.5009	2.7798	2.8108	1.1993	0.549	0.000	0.001	0.449	1.089492554763704	81
С	HOLD=1	1307	30	4	0.9871	0.7606	0.9871	5.9072	4.9454	4.9461	0.9871	1.000	0.000	0.000	0.000	0.5180452806133513	81
С	HOLD=1	1308	10	15	1.0368	0.7632	1.0368	4.8404	2.5430	2.5595	1.0368	1.000	0.000	0.000	0.000	0.9177329636248693	83
С	HOLD=1	1307	30	5	0.9406	0.7701	0.9406	5.2764	4.3616	4.3816	0.9406	0.995	0.001	0.000	0.004	0.533381880152831	77
С	HOLD=1	1308	10	16	0.9060	0.6567	0.9060	4.2591	2.7832	2.7957	0.9060	1.000	0.000	0.000	0.000	0.5282813063520795	79
С	HOLD=1	1308	10	17	0.7281	0.5545	0.7281	4.6933	3.4125	3.4336	0.7281	0.798	0.000	0.128	0.075	0.6253797485144611	81
С	HOLD=1	1307	30	6	0.9549	0.7524	0.9549	5.4844	4.1517	4.2192	0.9549	0.000	1.000	0.000	0.000	0.8050193279597753	80
С	HOLD=1	1308	10	18	1.0158	0.6843	1.0158	4.3863	3.2671	3.2876	1.0158	1.000	0.000	0.000	0.000	0.9216305817400195	83
С	HOLD=1	1307	30	7	0.9613	0.7727	0.9613	6.8842	5.0209	5.1162	0.9613	1.000	0.000	0.000	0.000	0.9189428945049302	78
С	HOLD=1	1308	10	19	0.8342	0.5854	0.8342	5.0931	4.9022	4.9075	0.8342	0.652	0.001	0.027	0.320	0.675066418716104	77
С	HOLD=1	1309	10	0	0.9339	0.6770	0.9339	5.9153	5.7825	5.7997	0.9339	0.868	0.000	0.118	0.014	0.7760120988701077	86
С	HOLD=1	1307	30	8	0.9600	0.7760	0.9600	4.1265	3.5170	3.5190	0.9600	1.000	0.000	0.000	0.000	0.4490202394769888	76
С	HOLD=1	1308	30	0	0.9994	0.6575	0.9994	6.9249	6.8654	6.8668	0.9994	1.000	0.000	0.000	0.000	0.815013777798073	76
С	HOLD=1	1309	10	1	0.9304	0.6305	0.9304	6.7754	4.5651	4.6024	0.9304	0.977	0.005	0.018	0.000	1.1706524185579137	86
С	HOLD=1	1307	30	9	1.0589	0.7981	1.0589	4.9304	4.5659	4.5865	1.0589	0.994	0.005	0.001	0.000	1.7501113481068618	80
С	HOLD=1	1309	10	2	0.5777	0.4691	0.5777	5.4519	4.3459	4.5494	0.5777	0.000	1.000	0.000	0.000	0.596511022478045	86
С	HOLD=1	1308	30	1	0.8835	0.6420	0.8835	4.4334	2.8854	2.8956	0.8835	1.000	0.000	0.000	0.000	0.661778044131908	80
С	HOLD=1	1307	30	10	0.9974	0.7863	0.9982	5.1081	5.1019	5.1076	0.9982	1.000	0.000	0.000	0.000	0.9856433308159853	75
С	HOLD=1	1309	10	3	0.8264	0.5355	0.8264	5.1548	4.6165	4.6600	0.8264	0.948	0.000	0.052	0.000	0.6665554390713643	85
С	HOLD=1	1308	30	2	0.9212	0.6188	0.9212	4.3263	3.1496	3.1597	0.9212	0.637	0.002	0.046	0.315	0.5340843082425923	80
С	HOLD=1	1308	30	3	0.8952	0.5399	0.8952	4.2635	2.8695	2.8949	0.8952	0.000	1.000	0.000	0.000	0.7240567282465931	81
С	HOLD=1	1309	10	4	0.9871	0.5691	0.9871	5.0792	3.6221	3.6830	0.9871	1.000	0.000	0.000	0.000	0.9349672876842677	84
С	HOLD=1	1308	30	4	0.7571	0.6303	0.7571	4.0533	3.6963	3.7099	0.7571	1.000	0.000	0.000	0.000	0.5944988649826167	80
С	HOLD=1	1307	30	11	0.9308	0.7596	0.9308	4.6587	4.6382	4.6586	0.9308	1.000	0.000	0.000	0.000	0.636369468716388	77
С	HOLD=1	1309	10	5	0.7641	0.6840	0.7641	5.2018	5.1682	5.2013	0.7641	0.666	0.000	0.292	0.042	0.5519645944161844	82
С	HOLD=1	1308	30	5	0.9643	0.7515	0.9643	4.1650	3.8698	3.8991	0.9643	1.000	0.000	0.000	0.000	0.9473182376198922	81
С	HOLD=1	1307	30	12	0.9565	0.7688	0.9565	4.4588	4.4353	4.4412	0.9565	0.954	0.004	0.041	0.000	0.42531324185283387	77
С	HOLD=1	1308	30	6	1.1376	0.8213	1.1376	4.1840	3.3928	3.4304	1.1376	0.733	0.187	0.080	0.000	21.184544878994128	80
С	HOLD=1	1309	10	6	1.0121	0.6431	1.0121	5.4920	5.4366	5.4917	1.0121	1.000	0.000	0.000	0.000	0.8275379985383433	86
С	HOLD=1	1309	10	7	0.8980	0.5140	0.8980	5.7719	5.7124	5.7710	0.8980	1.000	0.000	0.000	0.000	0.6403696421537203	85
С	HOLD=1	1307	30	13	0.9723	0.8019	0.9723	4.4945	4.3585	4.3886	0.9723	1.000	0.000	0.000	0.000	0.6273182850208661	77
С	HOLD=1	1308	30	7	0.9460	0.5824	0.9460	4.6406	3.6454	3.6817	0.9460	1.000	0.000	0.000	0.000	0.5347613632643984	76
С	HOLD=1	1309	10	8	0.9859	0.6364	0.9859	4.9483	4.8708	4.9465	0.9859	0.668	0.061	0.271	0.001	0.3187431750731682	83
С	HOLD=1	1307	30	14	0.9529	0.7877	0.9529	5.2502	4.8884	4.9603	0.9529	1.000	0.000	0.000	0.000	0.582975618819377	81
С	HOLD=1	1307	30	15	1.0244	0.8312	1.0244	6.4999	5.8072	5.8166	1.0244	1.000	0.000	0.000	0.000	1.1199332563811206	81
С	HOLD=1	1308	30	8	0.8752	0.6180	0.8752	4.1056	2.9397	2.9816	0.8752	0.548	0.157	0.001	0.294	0.774182205879575	76
С	HOLD=1	1309	10	9	0.8679	0.6756	0.8679	5.7091	5.6449	5.7081	0.8679	1.000	0.000	0.000	0.000	0.6240786354816278	85
С	HOLD=1	1307	30	16	0.9780	0.7716	0.9780	5.7477	5.3812	5.3889	0.9780	1.000	0.000	0.000	0.000	0.8448091902711425	81
С	HOLD=1	1309	10	10	0.9277	0.7126	0.9277	5.2896	5.2398	5.2892	0.9277	0.913	0.000	0.087	0.000	0.4472386201276115	85
С	HOLD=1	1308	30	9	1.0675	0.7559	1.0675	4.1408	2.8632	2.9464	1.0675	1.000	0.000	0.000	0.000	2.46217877194872	81
С	HOLD=1	1307	30	17	0.9765	0.7485	0.9754	4.4985	4.4457	4.4600	0.9754	0.819	0.082	0.042	0.057	0.8061628785620116	80
С	HOLD=1	1308	30	10	0.8665	0.5770	0.8665	4.3931	2.8115	2.8313	0.8665	1.000	0.000	0.000	0.000	0.7778095813237711	79
С	HOLD=1	1309	10	11	0.8401	0.7322	0.8401	4.6633	4.6027	4.6622	0.8401	0.953	0.000	0.037	0.010	1.0456601219728816	83
С	HOLD=1	1308	30	11	0.9339	0.7407	0.9339	4.5111	2.7964	2.8729	0.9339	1.000	0.000	0.000	0.000	0.7494156517357985	81
С	HOLD=1	1307	30	18	0.9296	0.7747	0.9296	4.1859	4.1516	4.1688	0.9296	1.000	0.000	0.000	0.000	0.7338843174473876	80
С	HOLD=1	1308	30	12	0.6981	0.6760	0.6848	4.6145	2.7288	2.7373	0.6848	0.004	0.222	0.519	0.256	0.7046351375147705	81
С	HOLD=1	1307	30	19	1.0539	0.8112	1.0462	4.2470	4.0541	4.0598	1.0462	0.813	0.142	0.045	0.000	0.6240998624458876	80
И	HOLD=1	1307	0.994	0.872	0.973	-12.320	0.484	0.328	1.750	2.884	0.843	8.48e+2	3.33e-1	8
С	HOLD=1	1309	10	12	0.9814	0.7071	0.9901	4.3942	4.3345	4.3924	0.9901	0.928	0.000	0.071	0.001	0.7968133229596904	85
С	HOLD=1	1308	30	13	0.8209	0.6552	0.8209	4.0001	2.7984	2.8865	0.8335	0.895	0.101	0.004	0.000	0.6525334118915576	78
С	HOLD=1	1309	10	13	1.0459	0.7251	1.0459	4.0524	3.9824	4.0480	1.0459	1.000	0.000	0.000	0.000	0.9308853022612681	86
С	HOLD=1	1308	30	14	0.7987	0.6540	0.7987	3.8041	2.9391	3.0102	0.7799	0.552	0.303	0.037	0.108	0.5745780348080087	81
С	HOLD=1	1308	30	15	0.9596	0.6573	0.9596	3.7767	3.1914	3.2806	0.9596	1.000	0.000	0.000	0.000	0.7088060820252098	80
С	HOLD=1	1309	10	14	0.9654	0.7266	0.9654	4.2441	4.1585	4.2294	0.9654	0.538	0.462	0.000	0.000	0.7351039362147838	85
С	HOLD=1	1308	30	16	0.7919	0.7447	0.7919	4.0350	3.4306	3.5408	0.7919	1.000	0.000	0.000	0.000	0.6336845235941488	79
С	HOLD=1	1309	10	15	0.9246	0.8146	0.9247	4.2404	3.8432	3.9155	0.9247	0.986	0.005	0.008	0.000	0.6546909421354526	85
С	HOLD=1	1309	10	16	0.9999	0.8329	0.9999	5.1511	5.0973	5.1497	0.9999	1.000	0.000	0.000	0.000	0.9412576761128458	84
С	HOLD=1	1308	30	17	0.9680	0.6786	0.9680	3.9622	2.8158	2.8815	0.9680	1.000	0.000	0.000	0.000	0.8581134309352247	79
С	HOLD=1	1309	10	17	0.9736	0.8020	0.9736	4.6297	4.5747	4.6274	0.9736	1.000	0.000	0.000	0.000	0.9341586005979439	85
С	HOLD=1	1308	30	18	0.9737	0.6898	0.9737	3.9210	2.7190	2.7532	0.9737	0.811	0.026	0.030	0.133	0.8194473518630838	80
С	HOLD=1	1309	10	18	0.8171	0.6971	0.8171	5.3672	5.3388	5.3663	0.8171	0.661	0.000	0.339	0.000	1.0447373022052218	85
С	HOLD=1	1308	30	19	1.0268	0.7611	1.0268	3.7810	2.8321	2.8805	1.0268	0.907	0.093	0.000	0.000	1.3843713997292053	80
И	HOLD=1	1308	0.573	-0.468	0.588	1020.865	0.568	0.110	21.185	2.518	0.985	1.97e-5	1.50e-5	8
С	HOLD=1	1309	10	19	0.8909	0.7448	0.8909	5.6128	5.0019	5.0318	0.8909	0.971	0.000	0.029	0.000	0.36827042015078015	86
С	HOLD=1	1309	30	0	0.8676	0.7741	0.8676	5.4686	5.2635	5.2957	0.8676	1.000	0.000	0.000	0.000	0.7080946056760892	85
С	HOLD=1	1309	30	1	1.0826	0.8595	1.0826	5.9468	4.9303	4.9364	1.0826	1.000	0.000	0.000	0.000	4.753013185036904	86
С	HOLD=1	1309	30	2	0.9927	0.7943	0.9927	5.5389	5.5103	5.5373	0.9927	1.000	0.000	0.000	0.000	0.6940876687538208	85
С	HOLD=1	1309	30	3	1.0477	0.8141	1.0477	5.8271	4.6230	4.6381	1.0477	0.926	0.053	0.021	0.000	1.6541932191043849	85
С	HOLD=1	1309	30	4	0.9683	0.7726	0.9683	4.8867	4.0772	4.1137	0.9683	1.000	0.000	0.000	0.000	0.7189354099707752	85
С	HOLD=1	1309	30	5	1.0343	0.8501	1.0343	4.3867	3.7837	3.8263	1.0343	1.000	0.000	0.000	0.000	1.4153622462421007	86
С	HOLD=1	1309	30	6	1.0203	0.7928	1.0203	5.3189	5.3162	5.3189	1.0203	1.000	0.000	0.000	0.000	0.8154291587178821	86
С	HOLD=1	1309	30	7	0.9892	0.7637	0.9892	4.5010	4.0704	4.1059	0.9892	1.000	0.000	0.000	0.000	0.7130533806104643	85
С	HOLD=1	1309	30	8	0.9088	0.6897	0.9088	5.0336	3.5346	3.5615	0.9088	0.991	0.000	0.009	0.000	1.2449322370432485	86
С	HOLD=1	1309	30	9	0.9086	0.6659	0.9086	4.5211	3.7071	3.7348	0.9086	1.000	0.000	0.000	0.000	1.118770766953683	86
С	HOLD=1	1309	30	10	0.9515	0.6912	0.9515	4.5656	3.7118	3.7509	0.9515	0.995	0.005	0.000	0.000	1.1570033549118157	85
С	HOLD=1	1311	10	0	0.9079	0.8021	0.9079	4.5736	4.5094	4.5539	0.9079	0.621	0.000	0.379	0.000	1.248423789465192	87
С	HOLD=1	1309	30	11	0.8216	0.6863	0.8216	4.5641	4.1259	4.1385	0.8216	1.000	0.000	0.000	0.000	1.1974663167360078	85
С	HOLD=1	1309	30	12	0.7583	0.6650	0.7583	4.7166	3.5110	3.5469	0.7583	1.000	0.000	0.000	0.000	0.621549634698155	85
С	HOLD=1	1311	10	1	1.0011	0.8521	0.9934	5.4963	5.4175	5.4482	0.9934	0.426	0.177	0.389	0.008	0.9627324865608937	87
С	HOLD=1	1309	30	13	0.9802	0.7866	0.9802	4.6321	4.5803	4.6082	0.9802	1.000	0.000	0.000	0.000	1.052701199070575	86
С	HOLD=1	1311	10	2	0.9507	0.8193	0.9506	5.8623	5.8223	5.8414	0.9506	0.835	0.160	0.005	0.000	0.9701330925908987	88
С	HOLD=1	1309	30	14	0.9326	0.7831	0.9329	4.6467	4.4195	4.4481	0.9329	0.936	0.028	0.013	0.024	0.5152154894041262	85
С	HOLD=1	1309	30	15	0.8416	0.7026	0.8416	4.8955	4.3834	4.3987	0.8416	1.000	0.000	0.000	0.000	1.2030815597472506	85
С	HOLD=1	1311	10	3	1.3127	0.8296	1.3127	6.9859	6.9608	6.9732	1.3127	0.000	1.000	0.000	0.000	1.706315009585975	88
С	HOLD=1	1309	30	16	0.8324	0.6884	0.8324	5.2717	4.2966	4.3163	0.8324	1.000	0.000	0.000	0.000	0.49610251317214094	85
С	HOLD=1	1311	10	4	0.9576	0.8201	0.9576	6.4153	6.3704	6.3911	0.9576	0.586	0.000	0.414	0.000	0.8519913197545185	88
С	HOLD=1	1309	30	17	0.9847	0.7667	0.9847	5.4116	4.3473	4.3802	0.9847	1.000	0.000	0.000	0.000	0.9986155428414274	86
С	HOLD=1	1311	10	5	0.9523	0.8068	0.9519	5.2669	5.2317	5.2597	0.9520	0.920	0.069	0.010	0.001	1.1874718837856701	88
С	HOLD=1	1311	10	6	0.9687	0.8338	0.9689	6.0486	6.0115	6.0305	0.9690	0.740	0.188	0.067	0.005	0.8076202592908954	87
С	HOLD=1	1309	30	18	1.0072	0.7881	1.0072	5.0036	3.7730	3.8108	1.0072	1.000	0.000	0.000	0.000	0.9338062212156101	85
С	HOLD=1	1309	30	19	0.8054	0.7098	0.8054	5.6715	5.4313	5.4560	0.8054	0.953	0.000	0.038	0.009	0.8353064137030642	85
И	HOLD=1	1309	0.990	0.679	0.817	-39.769	0.359	0.254	4.753	2.675	0.984	5.83e-19	3.80e-19	8
С	HOLD=1	1311	10	7	0.9566	0.7786	0.9555	5.0336	4.9828	5.0088	0.9555	0.991	0.005	0.005	0.000	0.9920868701102498	87
С	HOLD=1	1311	10	8	1.2423	0.8213	1.2423	5.5781	5.5485	5.5646	1.2423	0.000	1.000	0.000	0.000	1.835413217890981	88
С	HOLD=1	1311	10	9	0.9954	0.8201	0.9954	5.1634	5.1294	5.1491	0.9954	0.825	0.150	0.016	0.010	0.819972893323648	85
С	HOLD=1	1311	10	10	0.9948	0.8246	0.9948	4.9174	4.8785	4.9031	0.9948	1.000	0.000	0.000	0.000	0.781016995816553	85
С	HOLD=1	1311	10	11	0.9075	0.7797	0.9091	5.3136	5.1174	5.1427	0.9091	0.999	0.000	0.000	0.001	0.7885600086204956	86
С	HOLD=1	1311	10	12	0.9298	0.7799	0.9298	5.5614	5.5144	5.5393	0.9298	1.000	0.000	0.000	0.000	0.9726991153393361	87
С	HOLD=1	1311	10	13	0.9435	0.7814	0.9435	5.3257	5.2850	5.3117	0.9435	1.000	0.000	0.000	0.000	0.5593503728913993	86
С	HOLD=1	1311	10	14	0.9276	0.7742	0.9276	4.2480	4.1915	4.2309	0.9276	0.966	0.000	0.001	0.033	0.552037244407775	86
С	HOLD=1	1311	10	15	0.9358	0.7859	0.9357	4.3690	4.0738	4.1177	0.9357	0.960	0.000	0.000	0.040	0.7321356823319315	86
С	HOLD=1	1311	10	16	0.8779	0.7741	0.8784	4.6210	4.5822	4.6051	0.9007	0.995	0.002	0.002	0.001	0.8435492891189517	86
С	HOLD=1	1311	10	17	0.9476	0.8112	0.9476	5.3768	5.3466	5.3605	0.9476	0.916	0.081	0.003	0.000	0.5634505169429206	86
С	HOLD=1	1311	10	18	0.9491	0.8144	0.9493	4.6093	3.9850	4.0251	0.9493	0.796	0.132	0.063	0.009	0.7881236116980096	88
С	HOLD=1	1311	10	19	0.9669	0.8115	0.9666	4.1473	4.0249	4.0546	0.9666	0.263	0.645	0.070	0.021	0.5810904450809203	87
С	HOLD=1	1311	30	0	0.9845	0.8189	0.9851	4.1822	4.1229	4.1492	0.9851	1.000	0.000	0.000	0.000	0.7947231981690537	88
С	HOLD=1	1311	30	1	0.9942	0.8222	0.9942	4.2752	4.0146	4.0490	0.9942	0.895	0.061	0.044	0.000	0.9204161498844987	88
С	HOLD=1	1311	30	2	0.9834	0.8136	0.9836	4.7627	3.7628	3.7954	0.9836	0.788	0.044	0.157	0.011	0.39452097608258074	87
С	HOLD=1	1311	30	3	0.9824	0.8008	0.9824	4.8241	3.9543	3.9951	0.9824	1.000	0.000	0.000	0.000	0.6671176539088883	86
С	HOLD=1	1311	30	4	1.0232	0.8297	1.0156	4.8173	4.2019	4.2395	1.0156	0.491	0.209	0.280	0.021	0.9183481067970041	86
С	HOLD=1	1311	30	5	0.9898	0.8242	0.9806	4.8392	4.5719	4.5913	0.9806	0.452	0.363	0.176	0.010	0.9466329393030365	86
С	HOLD=1	1311	30	6	0.9759	0.8204	0.9645	5.4917	5.0114	5.0382	0.9645	0.489	0.249	0.230	0.032	0.8181985155366074	87
С	HOLD=1	1311	30	7	0.9814	0.8018	0.9814	5.2044	4.7898	4.8124	0.9814	1.000	0.000	0.000	0.000	0.9109944317595908	87
С	HOLD=1	1311	30	8	0.9461	0.7810	0.9459	6.0610	5.2482	5.2683	0.9459	0.500	0.406	0.085	0.008	1.3858904326162278	87
С	HOLD=1	1311	30	9	0.9669	0.8043	0.9669	4.7662	3.5592	3.6120	0.9669	0.975	0.000	0.025	0.000	0.4517787357568428	86
С	HOLD=1	1311	30	10	0.9971	0.7950	0.9968	5.3044	5.2765	5.2923	0.9968	0.902	0.058	0.040	0.000	0.7871432637198944	85
С	HOLD=1	1311	30	11	0.9252	0.7667	0.9247	5.4004	5.2849	5.3010	0.9247	0.854	0.004	0.142	0.000	0.8567833470864485	86
С	HOLD=1	1311	30	12	0.9657	0.7912	0.9657	6.1806	4.4181	4.4510	0.9657	1.000	0.000	0.000	0.000	0.829513336643265	88
С	HOLD=1	1311	30	13	1.0100	0.7688	1.0098	5.3307	5.2760	5.2973	1.0098	0.552	0.001	0.447	0.000	0.7478093610766288	88
С	HOLD=1	1311	30	14	0.9964	0.7439	0.9964	5.4695	4.5062	4.5377	0.9964	1.000	0.000	0.000	0.000	0.78719793817109	88
С	HOLD=1	1311	30	15	0.9271	0.7149	0.8968	5.8421	4.5751	4.5999	0.8968	0.015	0.363	0.584	0.037	1.0158343078743983	88
С	HOLD=1	1311	30	16	0.9461	0.7133	0.9461	4.9113	4.6354	4.6614	0.9461	1.000	0.000	0.000	0.000	1.0283401761132132	88
С	HOLD=1	1311	30	17	0.9489	0.7310	0.9490	5.3941	3.9572	3.9985	0.9490	0.327	0.190	0.437	0.046	0.9087121811642048	87
С	HOLD=1	1311	30	18	0.9520	0.7649	0.9520	5.4682	5.2340	5.2492	0.9520	1.000	0.000	0.000	0.000	0.9344121910206996	87
С	HOLD=1	1311	30	19	1.0873	0.7814	1.0873	5.2826	4.8654	4.8916	1.0873	0.000	0.996	0.004	0.000	1.4043854016851007	87
И	HOLD=1	1311	0.854	0.788	0.817	-0.499	0.485	0.332	1.835	2.459	0.978	1.35e+26	1.14e+0	8
С	HOLD=1	1310	10	0	1.0008	0.8155	1.0008	5.9361	4.8112	4.8259	1.0008	0.991	0.000	0.009	0.000	1.1727784709962437	84
С	HOLD=1	1306	10	0	1.0831	0.9208	0.9907	8.7266	8.6185	8.6537	0.9898	0.006	0.235	0.734	0.025	0.9593468067495959	83
С	HOLD=1	1312	10	0	0.9774	0.8029	0.9775	6.7034	4.9021	6.6617	0.9775	0.673	0.003	0.323	0.000	0.9816087868417603	83
С	HOLD=1	1310	10	1	0.9542	0.7939	0.9542	7.1877	5.6375	5.6435	0.9542	0.525	0.448	0.027	0.000	0.8161827366562246	85
С	HOLD=1	1306	10	1	1.6294	0.7461	1.6294	8.4896	8.4694	8.4858	1.6294	0.000	1.000	0.000	0.000	13.745687889494041	82
С	HOLD=1	1312	10	1	0.9909	0.8037	0.9909	7.7366	6.1878	7.6791	0.9882	0.801	0.071	0.110	0.017	0.7722024902387498	78
С	HOLD=1	1310	10	2	1.3028	0.8218	1.6383	8.4303	6.6121	6.6197	1.3028	0.000	1.000	0.000	0.000	5.152239221509558	84
С	HOLD=1	1301	10	0	0.9616	0.8302	0.9616	12.3782	5.2812	5.5892	0.9616	0.860	0.000	0.140	0.000	1.1048328764765207	81
С	HOLD=1	1306	10	2	0.9669	0.7182	1.0312	14.5277	14.5107	14.5256	1.0312	0.145	0.547	0.292	0.016	0.9921826161216599	85
С	HOLD=1	1306	10	3	0.9949	0.7928	0.9949	8.1401	8.1106	8.1302	0.9949	1.000	0.000	0.000	0.000	0.7708301987910151	82
С	HOLD=1	1312	10	2	0.9757	0.8092	0.9757	8.2071	6.5976	8.1561	0.9757	1.000	0.000	0.000	0.000	0.7251263393922629	80
С	HOLD=1	1310	10	3	1.4593	0.8674	1.4593	6.9799	5.4300	5.4350	1.4593	0.000	1.000	0.000	0.000	11.625234747083029	85
С	HOLD=1	1306	10	4	0.8755	0.6829	0.8755	6.2023	5.9970	6.0251	0.8755	0.692	0.000	0.308	0.000	0.8410926214793895	85
С	HOLD=1	1312	10	3	0.9800	0.8009	0.9800	9.9359	8.4544	9.9212	0.9800	1.000	0.000	0.000	0.000	0.7559643887042433	82
С	HOLD=1	1301	10	1	0.9878	0.8588	0.9878	12.1730	3.9706	3.9869	0.9878	1.000	0.000	0.000	0.000	0.7954239114758487	80
С	HOLD=1	1310	10	4	1.3799	0.7967	1.1422	4.8829	4.8549	4.8817	1.1418	0.006	0.648	0.311	0.034	4.052427797895045	84
С	HOLD=1	1312	10	4	0.9541	0.7942	0.9541	8.6758	5.4034	8.6594	0.9541	1.000	0.000	0.000	0.000	1.1667754240556456	79
С	HOLD=1	1301	10	2	1.0119	0.8739	1.0119	13.9931	4.3364	4.3435	1.0119	1.000	0.000	0.000	0.000	0.8317008722492304	79
С	HOLD=1	1306	10	5	1.2175	0.7951	1.2114	5.4547	5.2635	5.2833	1.2114	0.000	0.298	0.689	0.013	1.0195833006234292	87
С	HOLD=1	1310	10	5	0.9658	0.8359	0.9658	9.1328	9.0540	9.0776	0.9658	0.000	1.000	0.000	0.000	0.7196518878272393	84
С	HOLD=1	1306	10	6	0.9157	0.7074	0.9157	6.0605	5.7796	5.8047	0.9157	1.000	0.000	0.000	0.000	0.8208251930887484	84
С	HOLD=1	1301	10	3	0.9739	0.8377	0.9739	11.4712	4.4168	4.4383	0.9739	0.920	0.000	0.080	0.000	0.519297847178899	80
С	HOLD=1	1310	10	6	0.9681	0.7642	0.9681	8.1975	5.4783	5.4819	0.9681	1.000	0.000	0.000	0.000	0.8360969450593274	84
С	HOLD=1	1301	10	4	1.0416	0.8459	0.9800	8.9967	6.1016	6.1075	0.9800	0.011	0.538	0.434	0.017	0.6973143661834653	82
С	HOLD=1	1306	10	7	1.0110	0.8283	0.9086	6.8337	6.4957	6.5169	0.9086	0.000	0.283	0.701	0.016	0.6654841516122236	83
С	HOLD=1	1312	10	5	0.9711	0.7957	0.9711	6.9259	5.0585	6.8705	0.9711	1.000	0.000	0.000	0.000	0.3762081876396243	78
С	HOLD=1	1301	10	5	1.0138	0.8460	1.0138	9.4848	3.4673	3.5365	1.0138	1.000	0.000	0.000	0.000	0.8552269449206261	82
С	HOLD=1	1306	10	8	0.9197	0.7710	0.9197	6.1786	5.8126	5.8386	0.9197	0.976	0.024	0.000	0.000	0.8276303264630333	83
С	HOLD=1	1310	10	7	0.8421	0.7775	0.8422	7.3751	5.4382	5.4694	0.8422	0.780	0.000	0.220	0.000	0.7993940521296486	80
С	HOLD=1	1310	10	8	0.9534	0.6820	0.9534	6.8765	5.9675	6.0184	0.9534	0.000	1.000	0.000	0.000	0.9268859868689374	81
С	HOLD=1	1312	10	6	0.9716	0.7828	0.9716	7.6297	5.3129	7.5872	0.9716	1.000	0.000	0.000	0.000	0.7806822059357896	78
С	HOLD=1	1301	10	6	1.1874	0.9650	1.1874	11.0418	4.5304	4.5723	1.1874	0.000	1.000	0.000	0.000	0.9548042923531201	84
С	HOLD=1	1306	10	9	1.0434	0.8096	1.0434	5.7107	5.4836	5.5128	1.0434	0.142	0.827	0.029	0.002	1.547168583297302	85
С	HOLD=1	1306	10	10	0.9968	0.7636	0.9966	6.3966	6.2221	6.2509	0.9969	0.001	0.425	0.565	0.009	1.0074237815109384	80
С	HOLD=1	1310	10	9	1.2012	0.7705	1.2012	7.9801	5.7824	5.7836	1.2012	0.000	1.000	0.000	0.000	0.8488148150278627	82
С	HOLD=1	1312	10	7	1.3663	0.7754	1.3732	5.9818	4.3305	6.2963	1.3789	0.243	0.521	0.011	0.225	3.245514815444828	79
С	HOLD=1	1301	10	7	0.9809	0.8319	0.9809	9.9636	3.1533	3.1675	0.9809	0.517	0.483	0.000	0.000	0.8410782991546358	80
С	HOLD=1	1301	10	8	1.0634	0.8121	0.9778	10.8637	3.1860	3.1896	0.9777	0.005	0.098	0.833	0.065	0.6851811317973754	81
С	HOLD=1	1306	10	11	0.9537	0.8146	0.9542	6.8048	6.6859	6.7109	0.9542	0.770	0.001	0.229	0.000	1.1777959695910425	81
С	HOLD=1	1310	10	10	1.5631	0.7499	1.5631	6.3421	6.2657	6.3311	1.5631	0.000	1.000	0.000	0.000	18.22725041369392	81
С	HOLD=1	1312	10	8	0.9271	0.7512	0.9271	4.5300	4.4537	4.4833	0.9271	1.000	0.000	0.000	0.000	0.7885643009969054	78
С	HOLD=1	1306	10	12	1.5032	0.8151	0.9760	6.8311	6.7280	6.7501	0.9760	0.000	0.621	0.363	0.016	1.4448897314143814	81
С	HOLD=1	1310	10	11	1.4149	0.7956	1.4149	4.9984	4.7176	4.7270	1.4149	0.000	1.000	0.000	0.000	5.192010622942996	83
С	HOLD=1	1301	10	9	1.5092	0.7989	1.5092	9.3005	4.7397	4.7339	1.5092	0.000	0.000	0.000	1.000	31.808813273707866	80
С	HOLD=1	1312	10	9	0.9338	0.8163	0.9338	5.9697	5.8999	5.9268	0.9338	1.000	0.000	0.000	0.000	1.0621528473344108	81
С	HOLD=1	1312	10	10	1.0132	0.8070	1.0132	4.7320	4.5980	4.7117	1.0132	1.000	0.000	0.000	0.000	0.8539753965749628	81
С	HOLD=1	1306	10	13	1.0655	0.7661	1.0648	5.3683	5.2784	5.3037	1.0648	0.004	0.208	0.786	0.002	0.914882222704788	83
С	HOLD=1	1301	10	10	0.9712	0.8083	0.9728	7.7605	3.6439	3.7556	0.9728	0.650	0.253	0.097	0.000	0.8954727003379207	82
С	HOLD=1	1310	10	12	0.9221	0.7742	0.9221	5.1849	4.8994	4.9178	0.9221	1.000	0.000	0.000	0.000	0.9431343474378756	84
С	HOLD=1	1306	10	14	1.0704	0.7859	1.0704	5.2101	4.7680	5.1989	0.9767	0.516	0.164	0.088	0.232	0.9138281132038097	82
С	HOLD=1	1301	10	11	1.7183	0.8150	1.0655	8.5766	4.7255	6.8611	1.0655	0.001	0.155	0.836	0.008	1.2412554322915443	81
С	HOLD=1	1310	10	13	1.1534	0.7436	1.1534	5.5615	5.4575	5.5316	1.1534	0.000	1.000	0.000	0.000	1.0138274866069856	85
С	HOLD=1	1312	10	11	0.9960	0.9254	0.9978	4.7370	4.3898	4.6196	0.9978	0.373	0.163	0.459	0.005	0.8913897020453568	78
С	HOLD=1	1301	10	12	0.9801	0.8101	0.9801	6.7420	5.0051	5.0854	0.9801	0.997	0.003	0.000	0.000	0.6627467661830289	81
С	HOLD=1	1306	10	15	1.0811	0.7103	1.0270	9.7308	3.3277	3.3407	1.0270	0.177	0.254	0.559	0.010	1.828704718948946	77
С	HOLD=1	1310	10	14	0.9050	0.6903	0.9050	7.0397	7.0394	7.0396	0.9050	1.000	0.000	0.000	0.000	0.7690623584919473	85
С	HOLD=1	1306	10	16	0.9215	0.6693	0.9160	6.1037	3.2831	3.3244	0.9160	0.083	0.357	0.535	0.024	0.8907402583011235	79
С	HOLD=1	1301	10	13	0.9899	0.8065	0.9881	8.7226	3.4681	3.5005	0.9881	0.044	0.065	0.889	0.002	0.7978939414148175	80
С	HOLD=1	1312	10	12	1.0794	0.8021	1.0794	5.3145	4.1737	5.2727	1.0794	0.000	1.000	0.000	0.000	0.9411078704285153	78
С	HOLD=1	1306	10	17	0.9727	0.7280	0.9716	4.8147	3.4554	3.4672	0.9716	0.285	0.248	0.459	0.009	0.9672385929066402	79
С	HOLD=1	1310	10	15	1.2910	0.6376	1.2910	6.6335	5.2459	5.2987	1.2910	0.024	0.976	0.000	0.000	3.051883562248987	86
С	HOLD=1	1312	10	13	0.9670	0.7853	0.9670	5.2795	4.1527	5.2488	0.9670	0.996	0.001	0.003	0.000	0.8182181583982743	80
С	HOLD=1	1306	10	18	1.0275	0.7874	1.0275	4.5577	3.4126	3.4255	1.0275	1.000	0.000	0.000	0.000	1.5648133719260913	78
С	HOLD=1	1312	10	14	0.9976	0.9900	0.9976	6.1524	4.9814	6.1158	0.9976	1.000	0.000	0.000	0.000	0.9821633828549445	79
С	HOLD=1	1310	10	16	1.2969	0.6789	1.2969	6.3921	4.8437	4.9010	1.2969	0.000	1.000	0.000	0.000	1.6780556099098651	85
С	HOLD=1	1301	10	14	0.9852	0.8199	0.9852	8.8345	3.5298	3.5436	0.9853	1.000	0.000	0.000	0.000	0.6305022144093413	80
С	HOLD=1	1306	10	19	0.8152	0.7204	0.8152	3.7440	3.1899	3.2794	0.8152	0.641	0.000	0.359	0.000	0.5292929320765387	81
С	HOLD=1	1312	10	15	1.0334	0.8257	1.0334	6.0670	4.8842	6.0429	1.0334	0.928	0.000	0.072	0.000	0.7232951491172339	78
С	HOLD=1	1310	10	17	0.8901	0.7004	0.8901	5.0843	5.3169	5.3141	0.8901	0.950	0.000	0.000	0.050	1.1736446188870349	84
С	HOLD=1	1306	30	0	1.0282	0.8498	1.0410	3.7865	3.1353	3.3752	1.0410	1.000	0.000	0.000	0.000	3.3680983532259754	79
С	HOLD=1	1301	10	15	0.9850	0.8236	0.9850	10.9004	3.4959	3.5179	0.9850	0.995	0.001	0.004	0.000	0.7628271180139534	83
С	HOLD=1	1310	10	18	0.8751	0.6521	0.8280	5.4043	5.3475	5.3926	0.8280	0.015	0.235	0.715	0.034	1.3743718185021496	84
С	HOLD=1	1306	30	1	0.9388	0.7888	1.2630	3.6065	3.3099	3.3254	1.2630	0.962	0.009	0.026	0.003	1.4190989910548708	79
С	HOLD=1	1312	10	16	0.9924	0.8072	0.9925	6.7521	5.3817	6.7276	0.9925	0.986	0.004	0.010	0.000	0.909923207622056	77
С	HOLD=1	1310	10	19	0.9922	0.7070	0.9922	4.9101	4.8148	4.8850	0.9922	1.000	0.000	0.000	0.000	0.6454189677470387	85
С	HOLD=1	1301	10	16	0.9671	0.7869	0.9683	7.6418	4.2431	4.3190	0.9683	0.204	0.277	0.317	0.202	0.4607464706437856	84
С	HOLD=1	1306	30	2	1.3865	0.7323	1.4459	3.8458	3.7956	3.8442	0.9769	0.001	0.328	0.671	0.000	3.014924929539783	79
С	HOLD=1	1310	30	0	1.0197	0.6805	1.0197	4.4619	4.1860	4.2645	1.0197	1.000	0.000	0.000	0.000	0.8957888917304869	84
С	HOLD=1	1301	10	17	0.9673	0.7928	0.9673	7.1764	3.6595	3.6770	0.9673	1.000	0.000	0.000	0.000	0.9776868433928776	81
С	HOLD=1	1312	10	17	0.9986	0.8762	0.9989	7.6636	6.1286	7.6366	0.9989	0.865	0.067	0.065	0.003	0.8381529504225832	77
С	HOLD=1	1310	30	1	1.2467	0.5898	1.2366	4.9335	3.8826	3.9451	1.2366	0.007	0.279	0.670	0.044	452.1844206850488	84
С	HOLD=1	1301	10	18	0.9809	0.7825	0.9811	7.4659	4.4807	4.5698	0.9811	0.986	0.014	0.000	0.000	0.6713876841345517	82
С	HOLD=1	1312	10	18	0.9793	0.7915	0.9793	5.7254	4.4315	5.7092	0.9793	0.912	0.001	0.087	0.000	0.5547448093683212	78
С	HOLD=1	1306	30	3	0.9424	0.7781	0.9424	4.3029	3.3270	3.3371	0.9424	1.000	0.000	0.000	0.000	1.0732146257000015	80
С	HOLD=1	1310	30	2	9.8059	0.7577	7.4347	18.5201	11.2931	11.3371	7.4347	0.000	0.001	0.999	0.000	2.8743068681360046e+29	75
С	HOLD=1	1310	30	3	13.4151	0.9900	8.1833	21.3150	19.8071	20.5477	8.1843	0.000	0.761	0.008	0.231	6.987594131566955e+32	31
С	HOLD=1	1301	10	19	1.0518	0.7688	1.0518	9.8066	4.4033	4.4350	1.0518	0.000	1.000	0.000	0.000	0.7398819379196688	84
С	HOLD=1	1306	30	4	1.0227	0.7525	0.9770	4.1005	3.2746	3.2854	0.9770	0.339	0.411	0.194	0.056	1.668191984478319	84
С	HOLD=1	1312	10	19	1.0174	0.8006	1.0173	5.6213	4.5690	5.6076	1.0173	0.968	0.028	0.005	0.000	0.7924478276531344	78
С	HOLD=1	1310	30	4	0.5265	0.0350	0.5265	0.9811	0.0350	0.9811	0.5265	0.000	1.000	0.000	0.000	0.4722704138519126	3
С	HOLD=1	1301	30	0	1.1523	0.7276	1.1510	8.0762	4.7806	4.7916	1.1510	0.017	0.102	0.750	0.130	16.097840379133615	82
С	HOLD=1	1306	30	5	1.2244	0.7617	1.2268	4.0097	3.5748	3.6193	1.2268	0.485	0.513	0.001	0.000	246.1435898219379	82
И	HOLD=1	1310	0.877	0.483	-1663.430	-2.906311257397255e+67	0.700	NaN	NaN	NaN	NaN	NaN	0.00e+0	0
С	HOLD=1	1306	30	6	1.7407	0.9055	1.3557	7.7460	3.8841	4.0679	1.3557	0.244	0.666	0.087	0.004	75871.45439580444	78
С	HOLD=1	1301	30	1	0.9978	0.7662	0.9978	9.3760	3.1561	3.1688	0.9978	0.000	1.000	0.000	0.000	1.2055248950504225	84
С	HOLD=1	1312	30	0	0.9866	0.7945	0.9867	6.3545	4.4982	6.3305	0.9867	0.903	0.010	0.087	0.000	1.0062944310905295	78
С	HOLD=1	1301	30	2	0.9760	0.8746	0.9767	8.1239	3.1104	3.1280	0.9767	0.562	0.115	0.318	0.005	0.8636022320958114	82
С	HOLD=1	1306	30	7	7.5816	0.9267	7.5816	21.1543	17.7812	17.8553	7.5816	1.000	0.000	0.000	0.000	1.495385466331434e+25	65
С	HOLD=1	1301	30	3	0.9383	0.7952	0.9083	7.6280	3.3099	3.3196	0.9083	0.032	0.124	0.769	0.075	1.01588552626529	80
С	HOLD=1	1306	30	8	0.3528	0.5161	0.3528	0.6761	0.5161	0.6761	0.3528	0.000	1.000	0.000	0.000	0.3526890085622596	2
С	HOLD=1	1312	30	1	1.0131	0.7955	1.0131	4.9043	3.8575	4.8615	1.0131	0.000	0.000	0.000	1.000	0.6628127140333517	78
С	HOLD=1	1301	30	4	1.3592	0.8045	1.3282	10.2283	3.3098	3.3658	1.3282	0.008	0.121	0.684	0.187	756.1605881467407	83
С	HOLD=1	1306	30	9	0.5579	0.0449	0.5579	0.7256	0.0449	0.7256	0.5579	0.000	0.000	1.000	0.000	0.5579404526920719	1
С	HOLD=1	1301	30	5	7.7942	0.9900	7.7940	18.4041	10.6214	10.6165	7.7940	0.000	0.000	1.000	0.000	5.867249290019544e+25	67
С	HOLD=1	1312	30	2	1.2054	0.7861	1.2054	4.9014	3.9016	4.8381	1.2054	0.000	1.000	0.000	0.000	80.44905201773382	77
И	HOLD=1	1306	0.979	0.354	-3.391	-2.0056035689605628e+52	0.625	NaN	NaN	NaN	NaN	NaN	0.00e+0	0
С	HOLD=1	1301	30	6	9.3827	0.8478	7.8666	20.1887	14.3117	17.2714	7.8666	0.026	0.845	0.129	0.000	1.6867142962408906e+29	17
С	HOLD=1	1312	30	3	0.9519	0.8310	0.9520	6.5934	5.2656	6.5628	0.9520	0.893	0.000	0.107	0.000	1.0139686869347684	79
С	HOLD=1	1312	30	4	1.0092	0.9586	1.0092	7.9518	6.3851	7.9411	1.0092	0.999	0.001	0.000	0.000	0.8181384129608118	77
И	HOLD=1	1301	0.995	0.998	0.889	-4.539655776201908e+60	0.701	NaN	NaN	NaN	NaN	NaN	0.00e+0	0
С	HOLD=1	1312	30	5	0.9958	0.8001	0.9958	8.2953	6.1670	8.2832	0.9958	0.926	0.067	0.007	0.000	0.9350452071182375	78
С	HOLD=1	1312	30	6	0.9961	0.7834	0.9962	6.0231	4.4373	5.9974	0.9962	0.991	0.004	0.003	0.002	0.6853782155114823	78
С	HOLD=1	1312	30	7	0.9865	0.7862	0.9840	7.2908	5.2464	7.2722	0.9840	0.753	0.195	0.050	0.001	0.982466974283108	81
С	HOLD=1	1312	30	8	0.9830	0.7825	0.9880	8.8877	5.2092	8.8642	0.9880	0.503	0.343	0.150	0.004	1.0094743031798816	78
С	HOLD=1	1312	30	9	1.1779	0.8051	1.1779	8.4743	4.6985	8.4306	1.1779	0.000	1.000	0.000	0.000	27.478577309939258	79
С	HOLD=1	1312	30	10	1.8833	0.7819	1.8833	7.8144	4.6051	7.7540	1.8833	0.000	0.984	0.016	0.000	62152909.25489294	82
С	HOLD=1	1312	30	11	4.1530	0.7787	4.1245	10.8660	10.8614	10.8660	4.1245	0.000	0.001	0.998	0.000	14648724174484570000	82
С	HOLD=1	1312	30	12	17.4248	0.9900	8.1812	34.5513	23.5954	25.4390	8.1812	0.139	0.612	0.249	0.000	1.082060502028215e+37	67
С	HOLD=1	1312	30	13	14.0908	0.8267	7.4001	15.3238	0.8267	7.4001	7.4001	0.000	0.540	0.460	0.000	2.9218244883636013e+34	5
И	HOLD=1	1312	1.043	0.927	-38.897	-3.9596353323459715e+76	0.881	0.983	NaN	NaN	NaN	NaN	0.00e+0	0
